cliente;frecuencia;recencia;ticket_promedio;ticket;cl_value
1592227;15;12;185303.44422222223;5003192.994;2779551.6633333336
3358229;9;48;326158.97072727274;3587748.678;2935430.7365454547
3364232;7;47;118953.76311111111;1070583.868;832676.3417777778
3365883;15;55;134605.40269777778;6057243.1214;2019081.0404666667
3370696;7;5;129747.22833333333;1556966.74;908230.5983333334
3415594;12;20;855653.5276190476;17968724.08;10267842.33142857
3569876;29;8;217185.47118681317;19763877.878;6298378.664417582
3572769;31;12;242999.7921768421;23084980.2568;7532993.557482106
3596976;9;12;161307.42670588236;2742226.254;1451766.8403529413
3597463;17;15;133301.69414545453;2932637.2712;2266128.800472727
3597764;19;40;208046.795;9986246.16;3952889.1050000004
3608395;22;10;274092.0138235294;18638256.94;6030024.304117647
3661187;19;25;1970309.5726181818;43346810.5976;37435881.87974545
4325127;11;12;122057.84945714285;4272024.731;1342636.3440285714
4336902;37;19;354522.7726153846;36870368.352;13117342.58676923
4426802;23;14;190872.58788607595;15078934.443;4390069.5213797465
4668482;22;40;148603.21352702702;5498318.9004999995;3269270.6975945947
4829476;58;0;192234.3242902208;60938280.8;11149590.808832806
4860384;10;21;155162.88413793102;4499723.64;1551628.8413793102
4860589;28;27;198518.31072580646;24616270.53;5558512.7003225805
6152074;5;68;213495.842;1494470.894;1067479.21
7253239;6;26;168923.88666666666;1520314.98;1013543.32
8039298;2;12;186109.48662857144;1302766.4064;372218.9732571429
8129250;14;21;203777.89482352944;3464224.2120000003;2852890.527529412
8162645;29;11;142448.18452711863;8404442.8871;4130997.35128644
8167223;20;6;127605.74889491525;7528739.1848;2552114.977898305
8300655;33;13;155340.52598728813;18330182.0665;5126237.357580508
8322794;36;20;259453.83323941368;79652326.8045;9340337.996618893
8436122;105;13;141051.4905117284;91401365.8516;14810406.503731482
8436769;29;20;139247.20141558442;10722034.509;4038168.8410519483
10012488;11;47;202888.69;3246219.04;2231775.59
10124325;2;56;157519.77658333335;945118.6595000001;315039.5531666667
10176860;32;13;198481.44003;39696288.006;6351406.08096
10184580;9;12;153499.46824000002;1534994.6824;1381495.2141600002
11585093;15;27;121949.41846153846;3170684.88;1829241.276923077
11705480;23;47;319039.41828125;20418522.77;7337906.62046875
11793612;43;8;561698.9865974026;43250821.968;24153056.42368831
11795428;3;55;147899.1;887394.6000000001;443697.30000000005
11798015;17;21;788789.2181641025;30762779.5084;13409416.708789743
11799581;17;41;246601.45403999998;12330072.702;4192224.71868
11799671;8;42;262587.2019047619;5514331.24;2100697.615238095
11801468;5;56;138755.24875;3330125.97;693776.24375
11830977;16;42;163536.07188405798;11283988.96;2616577.1501449277
11870001;16;21;146130.98413043478;6722025.2700000005;2338095.7460869565
11935203;18;49;179153.20091743118;19527698.9;3224757.616513761
11935578;10;54;167357.9203125;10710906.9;1673579.203125
11955151;31;14;141835.01135135134;15743686.26;4396885.351891891
14675749;20;8;1162700.6004842105;88365245.6368;23254012.009684213
14895140;26;20;331648.5983478261;15255835.524;8622863.557043478
15271725;37;13;122578.79043733333;9193409.2828;4535415.246181333
15306102;31;12;148518.22326551724;21535142.3735;4604064.921231034
15309233;2;13;174136.976;522410.928;348273.952
15319044;39;21;228713.73782162162;16924816.5988;8919835.775043244
15320080;17;60;117820.72240000001;10603865.016;2002952.2808000003
15320420;5;62;210050.54580000002;2100505.458;1050252.729
15342151;26;26;154575.26674;11593145.0055;4018956.9352399996
15367107;21;25;186229.8491111111;8380343.21;3910826.831333333
15371324;11;28;130632.69209999999;2220755.7657;1436959.6130999997
15375176;22;0;319560.8875;22688823.0125;7030339.525
15385299;10;21;286164.56696;2861645.6696;2861645.6696
15456361;22;7;183017.70848706897;21230054.1845;4026389.5867155176
15491100;19;18;135110.32808333333;3242647.874;2567096.233583333
15534720;25;6;301219.58120449435;26808542.727199998;7530489.530112359
15535673;26;5;127874.86557727274;14066235.2135;3324746.505009091
15538000;28;5;228246.5086676829;37432427.4215;6390902.242695121
15538805;8;64;120302.792;1323330.712;962422.336
15539411;3;54;284693.018775;1138772.0751;854079.056325
15571435;14;68;139644.4335024;34911108.3756;1955022.0690336
15918437;24;55;127118.87962790698;5466111.824;3050853.1110697677
17690655;10;21;133826.89521428573;3747153.066;1338268.9521428572
18125729;4;27;170793.806;683175.224;683175.224
18144083;16;39;139375.83252341137;41673373.9245;2230013.320374582
18152908;17;21;213485.00279861112;76854601.00750001;3629245.0475763893
18601637;13;21;211040.906;6331227.18;2743531.778
18607539;3;63;184425.5711111111;1659830.14;553276.7133333333
21495802;25;27;270301.81916;20272636.437;6757545.479
21742115;5;63;177690.02244444445;1599210.202;888450.1122222223
21788663;20;14;129324.56165625;4138385.973;2586491.2331250003
21872361;20;5;118303.36144193549;7334808.4094;2366067.2288387096
21940411;31;12;122761.79846153845;9575420.28;3805615.752307692
21977259;15;20;427731.12993103446;12404202.768;6415966.948965517
22229271;20;12;121090.78681395348;5206903.833;2421815.7362790694
24836948;11;47;118039.45077966101;6964327.596;1298433.958576271
25175007;40;0;188831.01143281252;36255554.1951;7553240.457312501
26230803;13;70;723913.820652174;33300035.75;9410879.668478262
26317122;12;68;172801.57076923078;2246420.42;2073618.8492307693
27359977;8;19;131656.38913225807;4081348.0631;1053251.1130580646
32220235;23;47;437281.30214174755;45039974.1206;10057469.949260194
32276162;26;13;122590.14650987655;9929801.8673;3187343.80925679
32555956;33;25;205514.56078125;13152931.89;6781980.50578125
32557024;11;12;188702.6752117647;3207945.4786;2075729.4273294117
32560415;20;19;118476.04655360825;11492176.5157;2369520.931072165
35891372;10;15;203025.88;3045388.2;2030258.8
37753353;11;5;177991.06909333335;5339732.0728;1957901.7600266668
39167472;19;0;119398.24382105265;4537133.2652;2268566.6326
39171911;28;14;117397.74037333333;10565796.6336;3287136.7304533334
39430271;9;1;124550.82900000001;1494609.948;1120957.4610000001
39840620;9;47;312528.18904411764;21251916.855;2812753.7013970586
41107656;16;15;119147.6512875;2859543.6309;1906362.4206
41116345;9;55;165651.0753038674;29982844.63;1490859.6777348067
41751615;8;56;129777.91723076922;1687112.9239999999;1038223.3378461538
42939547;12;61;201422.2446952381;4229867.1386;2417066.9363428573
42939881;9;11;247562.00088695652;5693926.0204;2228058.007982609
43011075;4;40;160003.62333333332;1920043.48;640014.4933333333
43023073;26;13;381126.231984375;12196039.4235;9909282.03159375
43061308;33;6;348226.51634645666;44224767.576;11491475.03943307
43097587;34;8;149037.68484375;9538411.83;5067281.2846875
43116593;12;22;176537.84399999998;3177681.192;2118454.1279999996
43180997;18;11;150312.13077647059;5110612.4464;2705618.3539764704
43257788;15;8;130223.30072258065;4036922.3224;1953349.5108387098
43262494;23;53;238583.78714285715;10020519.06;5487427.104285714
43415285;25;14;136993.68646388888;24658863.5635;3424842.161597222
43433051;6;38;437416.763;2624500.5779999997;2624500.5779999997
43450852;43;5;184970.30451538463;24046139.587;7953723.094161539
43460921;14;18;550461.5994444444;9908308.79;7706462.392222222
43463956;12;39;224880.9442105263;4272737.9399999995;2698571.3305263156
43485369;21;39;142251.01637974684;11237830.294;2987271.3439746834
43519996;17;39;438066.5452307692;17084595.264;7447131.268923077
43645197;14;67;164691.15688000002;4117278.9220000003;2305676.19632
43653647;17;27;241816.94740769232;12574481.2652;4110888.1059307694
43655170;24;21;340900.2387090909;37499026.258;8181605.729018182
43723673;9;47;292631.33090909093;3218944.64;2633681.9781818185
43755078;27;14;164256.19253731344;11005164.9;4434917.198507463
43785957;31;14;140573.3735965909;37111370.6295;4357774.581494318
43786538;28;20;209969.8009047619;8818731.638;5879154.425333333
43786587;18;41;183233.21824324326;13559258.15;3298197.9283783785
43787095;23;47;221633.2062857143;7757162.22;5097563.744571429
43788970;7;69;129663.80692307692;3371258.98;907646.6484615384
43911265;43;7;161969.06385795455;14253277.6195;6964669.745892046
43960165;37;1;120637.616;15441614.848;4463591.791999999
43999245;17;13;209223.2194;4184464.3880000003;3556794.7298
52122244;33;8;487584.90234666667;43882641.2112;16090301.77744
53002580;32;26;183050.87740866665;27457631.6113;5857628.077077333
54256396;16;8;228811.71904761903;4805046.1;3660987.5047619045
70003133;19;26;201227.18399999998;6036815.52;3823316.496
70032637;22;56;212435.7884117647;7222816.806;4673587.345058823
70071596;21;27;144831.58775849058;7676074.1512;3041463.3429283025
70134447;29;1;117367.2952112676;8333077.96;3403651.56112676
70162545;25;47;335700.88938461535;21820557.81;8392522.234615384
70163573;19;15;183834.85161290324;11397760.8;3492862.1806451613
70221096;3;67;883053.2093333333;2649159.628;2649159.628
70302518;8;12;140039.86315000002;1400398.6315000001;1120318.9052000002
70353392;12;28;487901.6916;12197542.290000001;5854820.2992
70383482;2;68;135801.4026;271602.8052;271602.8052
70420283;7;56;215726.2857142857;1510084.0;1510084.0
70422021;20;5;150925.39272727273;4980537.96;3018507.8545454545
70431284;8;20;789327.8700000001;14997229.530000001;6314622.960000001
70471756;24;5;282483.5294963303;30790704.7151;6779604.707911927
70541482;23;0;151753.02731460673;13506019.431;3490319.628235955
70577562;18;0;172996.82843137256;8822838.25;3113942.911764706
70578793;16;0;207109.9516129032;12840817.0;3313759.2258064514
70631619;12;8;117691.84863157893;2236145.124;1412302.183578947
70631897;13;12;145558.44113333334;4366753.234;1892259.7347333333
70691002;19;0;233416.17120603015;46449818.07;4434907.252914573
70692729;23;8;322296.04297297297;23849907.18;7412808.988378379
70694311;16;8;170159.38215555556;7657172.197;2722550.114488889
70695510;21;1;123296.774247191;10973412.908;2589232.259191011
70697229;4;14;136247.032;817482.192;544988.128
70697913;20;42;340829.26600194175;35105414.3982;6816585.320038835
70698315;15;8;132304.65666666665;4762967.64;1984569.8499999996
70698541;72;20;229161.15450450452;76310664.45;16499603.124324325
70698795;35;27;560983.8394955882;38146901.0857;19634434.382345587
70721921;16;13;162749.99104;4068749.776;2603999.85664
70732264;11;40;116233.80414716982;6160391.6198;1278571.845618868
70751481;6;13;270039.0762;1620234.4572;1620234.4572
70783523;15;15;122066.28245945947;4516452.451;1830994.236891892
70785467;13;64;155205.58588235293;2638494.96;2017672.6164705881
70786982;35;18;165323.03786486486;12233904.802;5786306.32527027
70830255;16;12;167620.294;4693368.232;2681924.704
70830747;15;47;129396.35487179487;5046457.84;1940945.3230769231
70878293;19;19;246560.23024081634;12081451.2818;4684644.374575511
70901313;18;6;126322.95417142856;4421303.396;2273813.175085714
70901657;28;10;299676.8353571429;16781902.78;8390951.39
70904713;11;22;211411.56928;5285289.232;2325527.26208
70906082;14;15;133702.63923076924;3476268.62;1871836.9492307694
70906589;29;0;179763.44855172414;10426280.016;5213140.008
70907361;11;8;183624.9785714286;3856124.5500000003;2019874.7642857146
70926605;13;76;148779.6413125;4760948.522;1934135.3370625
70926877;3;28;167193.376;835966.88;501580.12799999997
70951988;34;20;223239.97567943262;31476836.5708;7590159.173100709
70952017;12;67;126159.75795714287;2649354.9171;1513917.0954857143
70954039;25;18;162431.9532857143;7959165.711;4060798.8321428574
71005037;22;28;243379.36371951218;19957107.825;5354346.001829268
71053418;24;53;223263.8428121951;18307635.1106;5358332.227492683
71080196;32;15;596266.9330377359;94806442.353;19080541.857207548
71080395;68;12;133346.4566165803;51471732.254;9067559.049927462
71083408;17;61;298186.46316129033;9243780.358000001;5069169.873741936
71140229;16;1;368005.11233333335;8832122.696;5888081.797333334
71182740;8;0;190865.58;1908655.7999999998;1526924.64
71240558;64;20;200881.57282821232;71915603.0725;12856420.661005588
71242599;32;7;190673.94518471338;29935809.394;6101566.245910828
71293931;12;27;310537.27350625;4968596.3761;3726447.282075
71369819;37;12;177201.41767245508;29592636.7513;6556452.453880838
71636063;13;14;217282.93470588236;11081429.67;2824678.151176471
71692674;19;55;201711.14586019417;20776248.0236;3832511.7713436894
71780922;4;70;173369.752;866848.76;693479.008
71987585;25;14;227627.59686507934;14340538.6025;5690689.921626983
71992360;39;8;122488.40877329193;19720633.8125;4777047.942158385
71992751;14;5;120215.15516129033;3726669.81;1683012.1722580646
71993199;23;5;224729.43425999998;11236471.713;5168776.98798
71993239;8;54;148345.017;1780140.204;1186760.136
73142846;31;20;188580.47115044246;21309593.24;5845994.605663717
75047683;18;18;179992.87753043478;4139836.1832;3239871.795547826
78292301;18;71;118005.90434;5310265.6953;2124106.27812
80069229;7;61;242392.31014545457;2666315.4116;1696746.171018182
85082195;19;22;227547.49515384616;11832469.748;4323402.407923077
91446896;8;67;153346.6545;1226773.236;1226773.236
92519934;8;70;195179.59444444446;3513232.7;1561436.7555555557
94351311;19;21;1121913.677090909;74046302.688;21316359.864727274
94497147;17;21;159131.95659090907;7001806.09;2705243.2620454542
98344466;7;56;173221.61188;1732216.1188;1212551.28316
98458436;16;14;156134.67998000002;4684040.3994;2498154.8796800002
98475267;38;21;207399.76073026317;110336672.7085;7881190.90775
98480142;14;47;118697.54944444445;2136555.89;1661765.6922222222
98501374;13;12;138914.44485128205;5417663.3492;1805887.7830666667
98506347;30;20;204275.6846956522;23491703.740000002;6128270.540869566
98512048;5;7;137454.53706666667;824727.2224;687272.6853333333
98516838;21;13;216265.2460131579;8218079.3485;4541570.166276316
98523525;11;40;126462.16076923077;3288016.18;1391083.7684615385
98541370;11;0;261522.12184615387;3399787.5840000003;2876743.3403076925
98601170;36;11;127240.03558730158;8016122.242;4580641.281142857
98611369;31;15;127979.82443206107;16765357.0006;3967374.557393893
98621525;9;13;164616.87;5596973.58;1481551.83
98648496;27;7;397525.0557942857;41740130.8584;10733176.506445715
98653342;33;20;195462.0893344156;30101161.7575;6450248.948035714
98655489;26;14;171785.28302325582;14773534.34;4466417.358604651
98656983;19;12;161540.96370344827;23423439.737;3069278.310365517
98666035;20;18;210821.33142857143;7378746.6;4216426.628571428
98703778;13;75;193614.39643999998;3872287.9288;2516987.15372
98705714;25;5;116079.54945855514;30528921.507600002;2901988.7364638783
700310220;7;6;194647.05299999999;2335764.636;1362529.3709999998
700360487;19;62;123406.26242682926;5059656.7595;2344718.986109756
700440199;15;8;122589.23441860465;5271337.08;1838838.5162790697
800236418;37;12;154937.4529740566;32846740.0305;5732685.760040094
810005278;12;18;164833.9731578947;3131845.4899999998;1978007.6778947366
811006470;2;78;236932.765;473865.53;473865.53
811015028;68;7;170974.82784389143;75570873.907;11626288.293384617
811037574;6;11;845238.032;5071428.192;5071428.192
811047163;17;20;1884812.1814294118;32041807.0843;32041807.0843
890907245;30;20;235876.16718122974;72885735.659;7076285.015436892
900026490;16;54;242595.09781065088;40998571.53;3881521.564970414
900067925;6;48;158644.504;951867.024;951867.024
900142782;24;11;221498.16736363637;7309439.523;5315956.016727272
900157201;11;69;213865.89904166665;5132781.577;2352524.889458333
900157318;38;5;179905.1701039634;59008895.7941;6836396.46395061
900233504;37;7;166677.36765690375;39835890.87;6167062.6033054385
900300651;14;11;629280.4425;10068487.08;8809926.195
900308111;20;55;226075.94776530613;11077721.4405;4521518.955306123
900369398;16;6;227206.31741999998;5680157.9355;3635301.0787199996
900383144;35;8;1220620.036090909;107414563.176;42721701.26318181
900387488;29;8;451591.8375;28901877.6;13096163.287500001
900390423;13;41;142409.6948918919;5269158.711;1851326.0335945948
900452125;104;5;1061850.2716746817;750728142.074;110432428.2541669
900462910;19;40;241972.02210869567;22261426.034;4597468.420065218
900463737;33;14;251843.5890029412;42813410.1305;8310838.43709706
900488078;12;42;152046.00336842108;2888874.0640000002;1824552.0404210528
900504992;23;20;222801.18706470588;7575240.3602;5124427.302488236
900523554;21;0;197510.70476190478;12443174.4;4147724.8000000003
900538983;15;8;759858.3694285714;26595042.93;11397875.541428572
900595290;25;46;961170.4397121212;63437249.021;24029260.99280303
900611815;102;7;217508.18120393975;187709560.379;22185834.482801855
900653386;33;5;122000.71672376238;49288289.5564;4026023.6518841586
900656118;12;57;186376.36872941177;3168398.2684;2236516.4247529414
900685680;21;5;342815.73775000003;8227577.706;7199130.49275
900691670;18;64;1282145.0003225806;39746495.01;23078610.00580645
900691735;29;19;156916.7197700483;32481760.9924;4550584.873331401
900692728;32;7;118154.04287150837;21149573.674;3780929.371888268
900699244;5;13;166671.8200142857;1166702.7401;833359.1000714286
900777373;44;12;121250.31962967741;18793799.5426;5335014.063705806
900782092;4;39;244674.0264;1223370.132;978696.1056
900864732;27;10;186269.3529809524;11734969.2378;5029272.530485715
900959358;30;14;151359.94162337662;11654715.505;4540798.248701299
901079451;8;41;135474.51840909093;2980439.4050000003;1083796.1472727275
901104538;15;19;151718.00737857143;4248104.2066;2275770.1106785713
901108396;85;11;151603.2706054645;55486797.041600004;12886278.001464482
901109937;15;13;186744.1664516129;5789069.16;2801162.4967741934
901159536;4;75;248520.88799999998;1242604.44;994083.5519999999
901160060;20;8;156911.6169;10983813.183;3138232.338
901171255;34;7;148860.317140625;19054120.594;5061250.78278125
901180377;13;20;121851.30517391303;2802580.019;1584066.9672608695
901185374;39;14;117133.4042260274;17101477.017;4568202.764815069
901205499;17;83;147734.46779310342;4284299.566;2511485.952482758
901246216;28;7;148499.87831724138;21532482.356;4157996.592882759
901249958;33;4;184934.56621736527;30884072.5583;6102840.685173054
901253182;18;47;237608.9604622093;40868741.1995;4276961.288319767
901295332;30;15;1339738.702189655;77704844.727;40192161.06568965
901304593;13;42;151574.78;1970472.1400000001;1970472.14
901308746;10;12;130396.91457894736;2477541.377;1303969.1457894736
901319018;20;14;156563.58957619048;3287835.3811;3131271.7915238095
901329386;21;40;433986.2296363637;19095394.104000002;9113710.822363637
901346458;66;7;137891.92831494738;65498665.9496;9100867.268786527
901347159;40;0;1030296.6273366072;115393222.2617;41211865.093464285
901349734;41;7;730099.3196101796;121926586.3749;29934072.104017366
901349926;45;7;836341.3178635245;204067281.5587;37635359.30385861
901379714;33;14;143338.56572727274;25227587.568;4730172.669000001
901382101;42;13;486306.5578114286;68082918.0936;20424875.428080004
901395096;38;19;490273.25251212117;64716069.331599995;18630383.595460605
901403686;12;71;326422.56482666667;9792676.9448;3917070.7779200003
901420259;33;8;121975.42563636364;9392107.774;4025189.046
901444903;14;60;308579.7031818182;6788753.47;4320115.844545455
901444923;27;5;701093.2340526317;106566171.576;18929517.319421053
901456027;17;18;174228.7994063291;27528150.3062;2961889.589907595
901461053;7;14;209243.6;2510923.2;1464705.2
901473927;18;26;166565.45141772152;13158670.662;2998178.1255189874
901497121;33;13;213702.65992066116;51716043.7008;7052187.777381818
901538071;14;21;520355.3380625;16651370.818;7284974.732875
901539604;18;11;252845.43411904766;10619508.233000001;4551217.814142858
901542824;19;1;292323.78836363635;16077808.36;5554151.978909091
901555081;60;0;155248.0772474359;84765450.1771;9314884.634846155
901584438;35;12;161318.66057608696;51944608.7055;5646153.120163044
901595183;50;12;144153.8456995708;33587846.048;7207692.284978541
901636653;27;7;284348.48230434785;13080030.186;7677409.022217392
901649329;23;26;139876.41439714286;4895674.5039;3217157.5311342855
901650536;40;0;185180.42905;14814434.324000001;7407217.1620000005
901653585;12;70;477413.39705263154;9070854.544;5728960.764631579
901658812;79;22;664015.3357003311;200532631.3815;52457211.52032616
901662761;5;60;212060.18520000004;1272361.1112000002;1060300.9260000002
901675026;18;5;129758.00230526316;4930804.0876;2335644.041494737
901718787;37;5;198063.99624030228;78631406.5074;7328367.860891185
901729567;32;14;151684.09622455089;50662488.139;4853891.079185628
901759504;52;20;252224.41527368422;23961319.451;13115669.59423158
901782676;9;12;294116.8403255814;12647024.134;2647051.5629302324
901808579;11;20;122274.00555789474;4646412.2112;1345014.061136842
901811113;21;19;177986.3740733333;5339591.2222;3737713.8555399994
901816917;12;49;165093.02002702703;6108441.741;1981116.2403243245
901828448;13;84;124778.63163703705;3369023.0542;1622122.2112814817
901842888;11;67;149358.8324;3733970.81;1642947.1564000002
901849838;28;8;119976.4050643979;22915493.3673;3359339.341803141
901860172;9;28;855309.82533;8553098.2533;7697788.427970001
901868535;16;50;303749.45661818184;6682488.0456;4859991.305890909
901871958;6;21;140159.8824117647;2382718.0009999997;840959.2944705882
901893661;21;5;141276.24311685393;37720756.912200004;2966801.1054539327
901897490;10;12;139541.79950413224;16884557.740000002;1395417.9950413224
901905391;7;12;142063.74773333332;2557147.4592;994446.2341333332
901913837;10;47;193741.34210526315;7362171.0;1937413.4210526315
901921203;25;13;126576.16982999998;6328808.4915;3164404.24575
901923033;9;19;161962.59646086956;7450279.4372000005;1457663.368147826
901933116;10;20;133973.54806976745;5760862.567;1339735.4806976744
901948494;9;61;170719.5075388889;6145902.2714;1536475.56785
901950107;5;11;116363.57818181819;1279999.36;581817.8909090909
901978884;6;28;134204.05560869566;3086693.279;805224.333652174
901994218;6;11;646749.3734833334;15521984.9636;3880496.2409000006
902010477;5;26;215832.4590909091;4748314.100000001;1079162.2954545454
902020443;3;15;153365.53525000002;1226924.2820000001;460096.60575000005
902033011;4;1;199735.91;2796302.74;798943.64
1000352012;37;13;153329.31420991736;18552847.0194;5673184.625766942
1000922110;5;69;143130.52666666667;858783.16;715652.6333333333
1001144989;30;20;126914.57226126126;14087517.521;3807437.1678378377
1001577371;10;60;180716.63184;3614332.6368;1807166.3183999998
1002085278;37;5;181641.48841525425;42867391.266;6720735.071364407
1003124769;32;20;345051.97857746476;24498690.479;11041663.314478872
1003193739;40;12;212875.89516131388;29163997.6371;8515035.806452556
1004751623;16;21;714295.4807647059;24286046.346;11428727.692235295
1004993753;17;12;218996.93116666668;10511852.696;3722947.8298333334
1005682820;16;42;165432.38105686277;16874102.8678;2646918.0969098043
1007291642;19;12;160438.4036111111;5775782.53;3048329.668611111
1010053304;19;27;210141.3693846154;10927351.208;3992686.0183076924
1013342905;5;8;135291.56194285714;1894081.8672;676457.8097142857
1017134798;12;20;211673.31363636366;4656812.9;2540079.7636363637
1017191809;20;20;152627.07121290325;9462878.4152;3052541.424258065
1020421385;12;7;201681.12;3025216.8;2420173.44
1020425557;28;8;448036.9014;24642029.577;12545033.2392
1020440727;6;40;153653.41745454544;1690187.592;921920.5047272727
1020724058;3;61;153241.26942857142;1072688.886;459723.80828571424
1023830776;33;5;211824.2969213793;30714523.053600002;6990201.798405517
1023952350;8;46;136540.27889655172;3959668.088;1092322.2311724138
1025642453;6;27;715719.528;9304353.864;4294317.1680000005
1028017164;47;19;305633.837968;76408459.492;14364790.384496
1032258178;41;13;129573.25415612904;20083854.3942;5312503.420401291
1033656240;17;28;138875.09103225806;4305127.822;2360876.547548387
1035226599;25;60;147728.75692307693;5761421.5200000005;3693218.923076923
1035233292;8;12;183560.723;4405457.352;1468485.784
1035304884;32;18;213517.7285634518;42062992.527;6832567.314030457
1035388580;26;0;172004.91375925927;9288265.343;4472127.757740742
1035421168;40;8;331390.69395943393;35127413.5597;13255627.758377358
1035833243;19;26;117849.50638571428;3299786.1788;2239140.6213285713
1036220498;12;29;123078.25324137931;3569269.344;1476939.0388965518
1036395628;6;83;221448.66253846153;5757665.226;1328691.9752307693
1036422210;31;14;165458.67572093022;7114723.056;5129218.947348837
1036622793;11;5;122977.2635;2459545.27;1352749.8985000001
1036629145;19;6;148086.44586666668;4442593.376;2813642.471466667
1037498249;12;27;182529.3554727273;10039114.551;2190352.2656727275
1037572148;9;8;269836.97688888886;4857065.584;2428532.792
1037641547;2;76;544851.53825;1089703.0765;1089703.0765
1037750031;4;11;137515.86500000002;1650190.3800000001;550063.4600000001
1038334816;50;13;328115.45061927143;279226248.477;16405772.530963572
1038359794;39;18;125324.77847323529;42610424.6809;4887666.360456176
1038405607;13;27;232399.69275;3718395.084;3021196.00575
1038408340;28;6;140059.499134375;17927615.8892;3921665.9757624995
1038408856;4;1;308086.3598;2464690.8784;1232345.4392
1038409477;43;29;137405.13054054053;15251969.49;5908420.613243243
1038626241;25;5;171717.424;7899001.504;4292935.6
1038626256;21;12;159588.76669148935;7500672.0345;3351364.1005212762
1038626572;46;12;158683.5685224719;14122837.5985;7299444.152033708
1038626750;40;26;201750.52629850747;13517285.262;8070021.051940299
1038815956;5;13;136694.40000000002;1230249.6;683472.0000000001
1038822341;38;15;302983.3826629213;53931042.114;11513368.54119101
1039286900;11;13;155223.4425;2483575.08;1707457.8675000002
1039686879;24;39;203121.9419509804;10359219.0395;4874926.60682353
1039699225;23;0;190472.2416;6666528.456;4380861.5568
1040043781;4;20;147394.90618181817;1621343.9679999999;589579.6247272727
1040360295;13;46;231802.974825;5563271.3958;3013438.672725
1040804183;38;0;165918.206824;20739775.853;6304891.859312
1041087282;8;70;136174.29217391304;3132008.72;1089394.3373913043
1041203238;4;26;133811.878;2007178.17;535247.512
1041204775;34;9;320276.7735300971;32988507.6736;10889410.3000233
1041229288;12;46;131711.094;3556199.538;1580533.128
1041230130;14;20;233769.03602499998;9350761.441;3272766.5043499996
1041232658;23;21;133913.09342982457;7633046.3255;3080001.1488859653
1041233847;11;18;138829.4165882353;2360100.082;1527123.5824705884
1041259798;2;20;130587.92;522351.68;261175.84
1042463959;28;29;117482.36650916032;15390190.0127;3289506.262256489
1042762351;21;40;140830.81264705883;4788247.63;2957447.0655882354
1042768716;69;6;228971.1889986207;33200822.4048;15799012.040904827
1042772839;16;83;324802.6801290323;10068883.084;5196842.882064517
1045017223;34;14;116572.28206555892;38585425.3637;3963457.590229003
1045018114;12;69;130947.004;3535569.108;1571364.048
1045018117;26;42;521544.36203636363;28684939.912;13560153.412945455
1045018336;16;11;574815.89955;20693372.3838;9197054.3928
1045022201;15;47;139536.71445454544;4604711.577;2093050.7168181816
1045022830;25;50;286579.99133333337;10316879.688000001;7164499.783333334
1045047411;48;12;120896.36751048952;17288180.554;5803025.640503497
1045110715;21;26;229612.57748571425;8036440.211999999;4821864.127199999
1045144098;20;14;155901.23058823528;5300641.84;3118024.6117647057
1045489219;34;7;158894.8130420354;35910227.7475;5402423.643429204
1046902118;27;6;144431.348622093;24842191.963;3899646.4127965113
1046902680;37;14;193402.36655528456;23788491.0863;7155887.562545529
1047407946;33;20;312807.52390927833;30342329.819199998;10322648.289006185
1047966455;15;11;126582.94181818183;5569649.44;1898744.1272727274
1053789999;27;6;580114.4054769231;37707436.356;15663088.947876923
1054570257;7;82;148534.00531;1485340.0531000001;1039738.03717
1063356784;44;13;189713.9192268041;18402250.165;8347412.445979381
1065821038;10;5;117068.64351636365;6438775.3934;1170686.4351636365
1067960293;19;6;142066.3829631579;5398522.5526;2699261.2763
1072252268;24;28;158472.5734;16164202.4868;3803341.7616
1076323412;28;12;689453.0909710146;47572263.277;19304686.54718841
1076328964;14;49;248889.256;18666694.2;3484449.584
1076350559;15;21;440690.1274418605;18949675.48;6610351.911627907
1076737792;22;19;219914.6207307692;17153340.417;4838121.656076923
1077424493;9;27;135028.52555555556;3645770.19;1215256.73
1077426273;14;8;1747909.0588235294;59428908.0;24470726.82352941
1077431586;16;46;344209.0325121951;28225140.666;5507344.520195122
1077436955;22;8;217728.93431578946;8273699.504;4790036.554947368
1078856772;10;40;121860.78379310344;3533962.73;1218607.8379310344
1078920005;17;42;154891.5720779221;11926651.05;2633156.7253246754
1079097466;9;21;178933.51652173913;4115470.88;1610401.6486956521
1079358123;2;27;689596.6680000001;1379193.3360000001;1379193.3360000001
1081904541;17;83;244319.3229772727;10750050.211;4153428.490613636
1085284432;17;18;185391.45621666667;33370462.119;3151654.7556833336
1088026868;15;21;349954.65135135135;12948322.1;5249319.77027027
1088274348;27;47;151444.36284;7572218.142;4088997.7966799997
1093534366;12;15;134613.64990000002;2692272.998;1615363.7988000002
1093536440;31;20;1252416.0236527778;90173953.703;38824896.73323611
1106482280;20;42;358980.1332692308;37333933.86;7179602.665384616
1107523046;13;69;212159.93339999998;4243198.668;2758079.1341999997
1116437208;20;14;212910.9934385965;12135926.626;4258219.868771929
1126449941;27;40;167443.55091513947;42028331.2797;4520975.874708765
1126452642;24;11;118072.10125470084;13814435.8468;2833730.43011282
1127074915;19;27;141347.37404576273;8339495.068700001;2685600.1068694917
1128265891;13;41;136090.6455;2721812.91;1769178.3915000001
1128427880;15;57;230639.9196521739;5304718.152;3459598.7947826087
1128427988;19;25;182554.2317616162;18072868.9444;3468530.4034707076
1128470955;56;13;131047.84877211155;32893010.0418;7338679.531238247
1130645771;27;12;181344.68503636363;7979166.1416;4896306.495981818
1130652944;14;75;135730.57292;4071917.1876;1900228.0208800002
1130669742;16;19;130515.39703448275;3784946.514;2088246.352551724
1130804330;7;19;176882.83995555557;1591945.5596;1238179.879688889
1133649147;12;41;127477.59266666666;5736491.67;1529731.112
1146439659;45;11;199973.65037969925;26596495.5005;8998814.267086467
1152210106;17;47;536626.5848;48296392.632;9122651.941599999
1216713481;15;7;121293.81762222221;5458221.793;1819407.2643333331
