cliente;frecuencia;recencia;ticket_promedio;ticket;referencias_unicas;margen_promeido;margen;avg_descuento;cl_value;linea_favorita;marca_favorita
1592227;15;16;185303.44422222223;5003192.994;9;120291.8695074074;3247880.4767;0.0022222222222222222;2779551.6633333336;MANGANESO;TRONEX
3358229;10;3;310117.69176923076;4031529.993;4;177183.7408153846;2303388.6306;0.07846153846153846;3101176.9176923074;MANGANESO;TRONEX
3364232;7;51;118953.76311111111;1070583.868;5;63831.05306666667;574479.4776;0.005555555555555556;832676.3417777778;BOMBILLAS;SB
3365883;15;59;134605.40269777778;6057243.1214;14;74874.76726222223;3369364.5268;0.015777777777777776;2019081.0404666667;MANGANESO;TRONEX
3370696;7;9;129747.22833333333;1556966.74;8;74147.21334166666;889766.5601;0.0;908230.5983333334;MANGANESO;TRONEX
3415594;12;24;855653.5276190476;17968724.08;5;491217.49648571433;10315567.4262;0.0;10267842.33142857;MANGANESO;TRONEX
3569876;29;12;217185.47118681317;19763877.878;16;109322.33554175824;9948332.5343;0.06483516483516484;6298378.664417582;MANGANESO;TRONEX
3572769;31;16;242999.7921768421;23084980.2568;11;133532.8157463158;12685617.495900001;0.02368421052631579;7532993.557482106;MANGANESO;TRONEX
3596976;9;16;161307.42670588236;2742226.254;4;105809.09434705882;1798754.6039;0.013529411764705882;1451766.8403529413;ALKALINAS;TRONEX
3597463;17;19;133301.69414545453;2932637.2712;5;93869.33599545456;2065125.3919000002;0.0036363636363636364;2266128.800472727;ALKALINAS;TRONEX
3597764;19;44;208046.795;9986246.16;6;106471.47646458335;5110630.8703000005;0.0;3952889.1050000004;MANGANESO;TRONEX
3608395;22;14;274092.0138235294;18638256.94;11;143346.12169411764;9747536.2752;0.0;6030024.304117647;MANGANESO;TRONEX
3672828;14;2;131727.44178333334;3161458.6028;11;72222.174375;1733332.185;0.0075;1844184.1849666669;MANGANESO;TRONEX
4325127;11;16;122057.84945714285;4272024.731;12;67157.33303428572;2350506.6562;0.08857142857142858;1342636.3440285714;MANGANESO;TRONEX
4336902;39;1;347742.9369908257;37903980.132;7;167602.72577064222;18268697.109;0.13862385321100917;13561974.542642202;MANGANESO;TRONEX
4426802;23;18;190872.58788607595;15078934.443;27;112354.28754683543;8875988.7162;0.1018987341772152;4390069.5213797465;OTROS;TRONEX
4668482;22;44;148603.21352702705;5498318.9005;18;79100.27135945945;2926710.0403;0.017027027027027027;3269270.697594595;OTROS;TRONEX
4829476;59;3;192006.28040247678;62018028.57;36;114642.949576161;37029672.7131;0.0;11328370.54374613;BOMBILLAS;TRONEX
4860384;10;25;155162.88413793102;4499723.64;11;86429.40666206897;2506452.7932;0.0;1551628.8413793102;OTROS;TRONEX
4860589;28;31;198518.31072580646;24616270.53;31;119264.83245564517;14788839.2245;0.0;5558512.7003225805;OTROS;TRONEX
6152074;5;72;213495.842;1494470.894;3;120850.12044285714;845950.8430999999;0.012857142857142857;1067479.21;MANGANESO;TRONEX
7253239;6;30;168923.88666666666;1520314.98;4;116953.73195555556;1052583.5876;0.03333333333333334;1013543.32;ALKALINAS;TRONEX
8039298;2;16;186109.48662857144;1302766.4064;5;125924.62064285715;881472.3445;0.02142857142857143;372218.9732571429;OTROS;TRONEX
8129250;14;25;203777.8948235294;3464224.212;3;101710.20982352941;1729073.567;0.0058823529411764705;2852890.527529412;MANGANESO;TRONEX
8162645;29;15;142448.18452711863;8404442.8871;7;82513.27288135592;4868283.1;0.0005084745762711864;4130997.35128644;ALKALINAS;TRONEX
8167223;20;10;127605.74889491525;7528739.1848;20;69117.08302711864;4077907.8986;0.00711864406779661;2552114.977898305;OTROS;TRONEX
8300655;33;17;155340.52598728813;18330182.0665;32;90101.68604915254;10631998.9538;0.06059322033898305;5126237.357580508;OTROS;TRONEX
8322794;37;3;257522.3672679128;82664679.893;30;121043.27244049845;38854890.4534;0.14953271028037382;9528327.588912774;MANGANESO;TRONEX
8436122;105;17;141051.4905117284;91401365.8516;30;79182.97213734569;51310565.945;0.10319444444444445;14810406.503731482;MANGANESO;TRONEX
8436769;30;3;139613.8740379747;11029496.049;13;68704.44184810127;5427650.906;0.0479746835443038;4188416.2211392405;BOMBILLAS;TRONEX
10012488;12;3;203410.76705882352;3457983.04;6;107020.75812352942;1819352.8881;0.0;2440929.2047058824;MANGANESO;TRONEX
10124325;2;60;157519.77658333335;945118.6595000001;4;100949.17988333333;605695.0793;0.01;315039.5531666667;MANGANESO;TRONEX
10176860;32;17;198481.44003;39696288.006;18;88641.7930325;17728358.6065;0.14025;6351406.08096;BOMBILLAS;TRONEX
10184580;9;16;153499.46824000002;1534994.6824;4;70158.44774999999;701584.4774999999;0.022;1381495.2141600002;OTROS;GP
11585093;15;31;121949.41846153846;3170684.88;12;70141.77411923077;1823686.1271000002;0.0;1829241.276923077;MANGANESO;TRONEX
11705480;24;3;322198.33184615383;20942891.57;14;175937.37333076922;11435929.2665;0.0;7732759.964307692;MANGANESO;TRONEX
11793612;43;12;561698.9865974026;43250821.968;3;297572.1990597403;22913059.327600002;0.048831168831168836;24153056.42368831;MANGANESO;TRONEX
11795428;3;59;147899.1;887394.6000000001;2;109322.99661666667;655937.9797;0.0;443697.30000000005;ALKALINAS;TRONEX
11798015;17;25;788789.2181641025;30762779.5084;7;411034.66860000003;16030352.0754;0.00923076923076923;13409416.708789743;MANGANESO;TRONEX
11799581;17;45;246601.45403999998;12330072.702;18;155526.912718;7776345.6359;0.0006;4192224.71868;OTROS;TRONEX
11799671;8;46;262587.2019047619;5514331.24;10;150962.5263857143;3170213.0541000003;0.0;2100697.615238095;MANGANESO;TRONEX
11801468;5;60;138755.24875;3330125.9699999997;10;91402.83115416668;2193667.9477000004;0.0;693776.24375;OTROS;TRONEX
11830977;16;46;163536.07188405798;11283988.96;14;86323.14044492754;5956296.6907;0.0;2616577.1501449277;MANGANESO;TRONEX
11870001;16;25;146130.98413043478;6722025.2700000005;13;77168.65831086956;3549758.2823;0.0;2338095.7460869565;MANGANESO;TRONEX
11935203;18;53;179153.20091743118;19527698.9;22;110044.77302844037;11994880.2601;0.0003669724770642202;3224757.616513761;OTROS;TRONEX
11935578;10;58;167357.9203125;10710906.9;21;97242.7601390625;6223536.6489;0.0;1673579.203125;MANGANESO;TRONEX
11955151;31;18;141835.01135135134;15743686.26;20;89098.12544324325;9889891.9242;0.0035135135135135136;4396885.351891891;ALKALINAS;TRONEX
14675749;20;12;1162700.6004842105;88365245.6368;8;560873.6624078947;42626398.343;0.12;23254012.009684213;MANGANESO;TRONEX
14895140;26;24;331648.5983478261;15255835.524;7;167737.39768478263;7715920.293500001;0.09673913043478262;8622863.557043478;MANGANESO;TRONEX
15271725;37;17;122578.79043733333;9193409.2828;21;78827.22746000001;5912042.0595;0.032400000000000005;4535415.246181333;MANGANESO;TRONEX
15306102;31;16;148518.22326551724;21535142.3735;37;85432.76999448276;12387751.6492;0.11448275862068964;4604064.921231034;OTROS;TRONEX
15309233;2;17;174136.976;522410.928;2;111283.4482;333850.3446;0.02;348273.952;OTROS;MTEK
15319044;39;25;228713.73782162162;16924816.5988;10;123896.32557837838;9168328.0928;0.0035135135135135136;8919835.775043244;MANGANESO;TRONEX
15320080;17;64;117820.72240000001;10603865.016;26;73205.78194666667;6588520.375200001;0.06344444444444444;2002952.2808000003;OTROS;TRONEX
15320420;5;66;210050.54580000002;2100505.458;4;121427.53401000002;1214275.3401000001;0.006;1050252.729;MANGANESO;TRONEX
15342151;26;30;154575.26674;11593145.0055;23;89969.08774666667;6747681.581;0.05;4018956.9352399996;OTROS;TRONEX
15367107;21;29;186229.8491111111;8380343.21;5;99809.25452222223;4491416.4535;0.0;3910826.831333333;MANGANESO;TRONEX
15371324;11;32;130632.69209999999;2220755.7657;7;81321.44525882353;1382464.5694;0.0411764705882353;1436959.6130999997;ALKALINAS;TRONEX
15375176;22;4;319560.8875;22688823.0125;11;172207.9771450704;12226766.3773;0.09676056338028169;7030339.525;MANGANESO;TRONEX
15385299;10;25;286164.56696;2861645.6696;3;158460.69163;1584606.9163;0.018;2861645.6696;ENCENDEDORES;CP
15456361;22;11;183017.70848706897;21230054.1845;17;100554.41805431034;11664312.4943;0.12767241379310343;4026389.5867155176;MANGANESO;TRONEX
15491100;19;22;135110.32808333333;3242647.874;12;77802.1607;1867251.8568;0.0025;2567096.233583333;OTROS;MTEK
15534720;25;10;301219.5812044944;26808542.7272;7;141041.60338876405;12552702.7016;0.09146067415730337;7530489.53011236;MANGANESO;TRONEX
15535673;26;9;127874.86557727274;14066235.2135;24;77642.87163818182;8540715.8802;0.0440909090909091;3324746.505009091;ENCENDEDORES;TRONEX
15538000;28;9;228246.5086676829;37432427.4215;28;132285.00499207317;21694740.8187;0.07835365853658538;6390902.242695121;ENCENDEDORES;TRONEX
15538805;8;68;120302.792;1323330.712;7;80331.87751818182;883650.6527000001;0.002727272727272727;962422.336;ALKALINAS;TRONEX
15539411;3;58;284693.018775;1138772.0751;2;155994.24757500002;623976.9903000001;0.03;854079.056325;ENCENDEDORES;CP
15571435;15;3;140464.59879772726;37082654.0826;36;79599.7921375;21014345.1243;0.08424242424242424;2106968.981965909;OTROS;TRONEX
15918437;24;59;127118.87962790698;5466111.824;4;59916.00255581395;2576388.1099;0.04883720930232558;3050853.1110697677;MANGANESO;TRONEX
17690655;10;25;133826.89521428573;3747153.066;11;76689.57873214285;2147308.2045;0.0010714285714285715;1338268.9521428572;OTROS;TRONEX
18125729;4;31;170793.806;683175.224;2;97237.45415;388949.8166;0.035;683175.224;OTROS;MTEK
18144083;16;43;139375.83252341137;41673373.9245;44;81274.34530401338;24301029.2459;0.029397993311036787;2230013.320374582;OTROS;TRONEX
18152908;17;25;213485.00279861112;76854601.00750001;36;120242.45888833333;43287285.1998;0.08708333333333333;3629245.0475763893;OTROS;TRONEX
18601637;13;25;211040.906;6331227.18;9;108447.02238333334;3253410.6715;0.0;2743531.778;MANGANESO;TRONEX
18607539;3;67;184425.5711111111;1659830.14;7;122466.49783333334;1102198.4805;0.0;553276.7133333333;OTROS;TRONEX
21495802;25;31;270301.81916;20272636.437;26;184898.21532533332;13867366.1494;0.002;6757545.479;ALKALINAS;TRONEX
21742115;5;67;177690.02244444445;1599210.202;7;100451.63816666667;904064.7435;0.006666666666666666;888450.1122222223;BOMBILLAS;SB
21788663;20;18;129324.56165625;4138385.973;5;87525.08363125;2800802.6762;0.0203125;2586491.2331250003;ALKALINAS;TRONEX
21872361;20;9;118303.36144193549;7334808.4094;18;54244.16119354839;3363137.994;0.05338709677419355;2366067.2288387096;MANGANESO;TRONEX
21940411;31;16;122761.79846153845;9575420.28;19;62063.335399999996;4840940.1612;0.0019230769230769234;3805615.752307692;MANGANESO;TRONEX
21977259;15;24;427731.12993103446;12404202.768;2;211508.8083310345;6133755.4416000005;0.027931034482758618;6415966.948965517;MANGANESO;TRONEX
22229271;20;16;121090.78681395348;5206903.833;15;69522.4163860465;2989463.9046;0.04534883720930233;2421815.7362790694;BOMBILLAS;TRONEX
24836948;11;51;118039.45077966101;6964327.596;19;64053.2393220339;3779141.12;0.0447457627118644;1298433.958576271;BOMBILLAS;TRONEX
25175007;40;4;188831.01143281252;36255554.1951;30;107236.47364739583;20589402.9403;0.06947916666666666;7553240.457312501;OTROS;TRONEX
26007756;10;2;134828.70993548387;4179690.008;8;76475.46101290322;2370739.2914;0.04290322580645162;1348287.0993548387;MANGANESO;TRONEX
26230803;13;74;723913.820652174;33300035.75;24;464982.11639782606;21389177.3543;0.058043478260869565;9410879.668478262;ENCENDEDORES;TRONEX
26317122;12;72;172801.57076923078;2246420.42;8;101217.4211923077;1315826.4755;0.004615384615384615;2073618.8492307693;MANGANESO;TRONEX
27359977;8;23;131656.38913225807;4081348.0631;11;79849.52680967742;2475335.3311;0.024193548387096774;1053251.1130580646;MANGANESO;TRONEX
32220235;24;3;443844.85723925236;47491399.7246;20;225079.33175700935;24083488.498;0.10457943925233644;10652276.573742056;OTROS;TRONEX
32227086;8;3;124001.84826086958;2852042.5100000002;8;80723.20341304348;1856633.6785;0.0013043478260869564;992014.7860869566;ALKALINAS;TRONEX
32276162;26;17;122590.14650987655;9929801.8673;14;72757.70683086419;5893374.2533;0.002962962962962963;3187343.80925679;BOMBILLAS;SB
32555956;33;29;205514.56078125;13152931.89;16;150262.67200625;9616811.0084;0.0;6781980.50578125;ALKALINAS;TRONEX
32557024;11;16;188702.6752117647;3207945.4786;5;120866.24892941175;2054726.2318;0.015882352941176472;2075729.4273294117;ALKALINAS;TRONEX
32560415;21;2;117076.38635700001;11707638.6357;29;68841.474238;6884147.4238;0.0215;2458604.113497;OTROS;TRONEX
35891372;10;19;203025.88;3045388.2;2;93315.68441333334;1399735.2662;0.0;2030258.8;MANGANESO;TRONEX
37753353;11;9;177991.06909333335;5339732.0728;4;119699.30944000001;3590979.2832000004;0.028666666666666667;1957901.7600266668;OTROS;TRONEX
39167472;19;4;119398.24382105265;4537133.2652;8;77208.18667631579;2933911.0937;0.009473684210526315;2268566.6326;ALKALINAS;TRONEX
39171911;28;18;117397.74037333333;10565796.6336;17;70432.26411666667;6338903.770500001;0.023;3287136.7304533334;MANGANESO;TRONEX
39430271;9;5;124550.82900000001;1494609.948;2;61926.91545833333;743122.9855;0.0025;1120957.4610000001;MANGANESO;TRONEX
39840620;9;51;312528.18904411764;21251916.855;20;182288.71212941178;12395632.424800001;0.1;2812753.7013970586;OTROS;TRONEX
41107656;16;19;119147.6512875;2859543.6309;9;56451.788029166666;1354842.9127;0.030833333333333334;1906362.4206;MANGANESO;TRONEX
41116345;9;59;165651.0753038674;29982844.63;38;98897.27345469613;17900406.4953;0.02878453038674033;1490859.6777348067;OTROS;TRONEX
41751615;8;60;129777.91723076922;1687112.9239999999;7;77773.21326153846;1011051.7724;0.08461538461538462;1038223.3378461538;ALKALINAS;TRONEX
42939547;12;65;201422.2446952381;4229867.1386;7;98146.21697619048;2061070.5565000002;0.02;2417066.9363428573;MANGANESO;TRONEX
42939881;9;15;247562.00088695655;5693926.020400001;6;164027.10923913046;3772623.5125;0.027391304347826086;2228058.007982609;OTROS;TRONEX
43011075;4;44;160003.62333333332;1920043.48;8;115279.56184166665;1383354.7421;0.0075;640014.4933333333;ALKALINAS;TRONEX
43023073;26;17;381126.231984375;12196039.4235;4;210441.77341875;6734136.7494;0.008125;9909282.03159375;ENCENDEDORES;CP
43061308;33;10;348226.51634645666;44224767.576;10;163501.40486377952;20764678.4177;0.09921259842519686;11491475.03943307;MANGANESO;TRONEX
43097587;34;12;149037.68484375;9538411.83;13;74524.476128125;4769566.4722;0.0028125;5067281.2846875;ENCENDEDORES;SL
43116593;12;26;176537.84399999998;3177681.192;7;80829.97191666666;1454939.4945;0.1;2118454.1279999996;MANGANESO;TRONEX
43180997;18;15;150312.13077647059;5110612.4464;9;86740.38180588235;2949172.9814;0.024705882352941175;2705618.3539764704;MANGANESO;TRONEX
43257788;15;12;130223.30072258065;4036922.3224;3;64753.1779;2007348.5149;0.04064516129032258;1953349.5108387098;MANGANESO;TRONEX
43262494;23;57;238583.78714285715;10020519.06;2;118694.3351595238;4985162.0767;0.05;5487427.104285714;MANGANESO;TRONEX
43415285;25;18;136993.6864638889;24658863.563500002;35;84022.72893222222;15124091.2078;0.031055555555555555;3424842.1615972226;OTROS;TRONEX
43433051;6;42;437416.763;2624500.5779999997;2;238780.32885000002;1432681.9731;0.01;2624500.5779999997;ENCENDEDORES;CP
43450852;43;9;184970.30451538463;24046139.587;15;93081.15280384615;12100549.8645;0.06615384615384615;7953723.094161539;MANGANESO;TRONEX
43460921;14;22;550461.5994444444;9908308.79;3;292085.33058888884;5257535.950599999;0.057499999999999996;7706462.392222222;MANGANESO;TRONEX
43463956;12;43;224880.9442105263;4272737.9399999995;3;107222.69337368419;2037231.1740999997;0.13157894736842105;2698571.3305263156;MANGANESO;TRONEX
43485369;21;43;142251.01637974684;11237830.294;15;83721.31117974684;6613983.5832;0.007088607594936708;2987271.3439746834;MANGANESO;TRONEX
43519996;17;43;438066.5452307692;17084595.264;3;208163.41513846154;8118373.1904;0.12;7447131.268923077;MANGANESO;TRONEX
43645197;14;71;164691.15688000002;4117278.9220000003;11;82714.52756;2067863.189;0.0024;2305676.19632;MANGANESO;TRONEX
43653647;17;31;241816.94740769232;12574481.2652;8;148579.23162884617;7726120.0447;0.0023076923076923075;4110888.1059307694;MANGANESO;TRONEX
43655170;24;25;340900.2387090909;37499026.258;19;171264.07779727274;18839048.5577;0.08090909090909092;8181605.729018182;MANGANESO;TRONEX
43713456;16;3;555860.375116279;23901996.13;13;288885.4694697675;12422075.1872;0.0009302325581395349;8893766.001860464;MANGANESO;TRONEX
43723673;9;51;292631.33090909093;3218944.64;3;142421.28436363637;1566634.128;0.013636363636363636;2633681.9781818185;MANGANESO;TRONEX
43755078;27;18;164256.19253731344;11005164.9;7;104286.16821492538;6987173.2704;0.0;4434917.198507463;MANGANESO;TRONEX
43785957;31;18;140573.3735965909;37111370.6295;18;75384.38312234847;19901477.1443;0.10227272727272728;4357774.581494318;MANGANESO;TRONEX
43786538;29;3;214640.81306976744;9229554.962;8;110660.25439999999;4758390.9392;0.022325581395348838;6224583.579023256;MANGANESO;TRONEX
43786587;18;45;183233.21824324326;13559258.15;18;118108.9175027027;8740059.8952;0.0004054054054054054;3298197.9283783785;ENCENDEDORES;TRONEX
43787095;24;3;221815.15459459458;8207160.72;2;98770.84616216215;3654521.3079999997;0.15;5323563.71027027;MANGANESO;TRONEX
43788970;7;73;129663.80692307692;3371258.98;13;84002.7982076923;2184072.7534;0.0;907646.6484615384;OTROS;TRONEX
43911265;44;3;160369.74466111112;14433277.0195;18;68987.56665777777;6208880.9991999995;0.08722222222222221;7056268.76508889;MANGANESO;TRONEX
43960165;37;5;120637.616;15441614.848;20;62710.8006171875;8026982.479;0.001640625;4463591.791999999;MANGANESO;TRONEX
43999245;17;17;209223.2194;4184464.3880000003;4;104630.04531;2092600.9062;0.012;3556794.7298;MANGANESO;TRONEX
52122244;33;12;487584.90234666667;43882641.2112;6;226021.1747411111;20341905.7267;0.11999999999999998;16090301.77744;MANGANESO;TRONEX
53002580;32;30;183050.87740866665;27457631.6113;31;119352.39081733333;17902858.6226;0.0102;5857628.077077333;OTROS;TRONEX
54256396;16;12;228811.71904761903;4805046.1;6;128859.00426666667;2706039.0896;0.0;3660987.5047619045;MANGANESO;TRONEX
70003133;19;30;201227.18399999998;6036815.52;3;94778.63809;2843359.1426999997;0.14666666666666664;3823316.496;MANGANESO;TRONEX
70032637;22;60;212435.7884117647;7222816.806;6;121244.1066;4122299.6244;0.007058823529411764;4673587.345058823;MANGANESO;TRONEX
70071596;21;31;144831.58775849058;7676074.1512;16;97691.44651320754;5177646.6652;0.01849056603773585;3041463.3429283025;OTROS;TRONEX
70134447;29;5;117367.2952112676;8333077.96;17;71249.51473661972;5058715.5463000005;0.0;3403651.56112676;MANGANESO;TRONEX
70162545;26;3;344929.0945588235;23455178.43;11;196599.67920147057;13368778.1857;0.013235294117647059;8968156.45852941;MANGANESO;TRONEX
70163573;19;19;183834.85161290324;11397760.8;19;96714.68415161289;5996310.4174;0.10403225806451613;3492862.1806451613;MANGANESO;TRONEX
70167312;19;2;139977.69807021276;6578951.8093;18;75958.93258723404;3570069.8316;0.020212765957446806;2659576.2633340424;ENCENDEDORES;CP
70221096;3;71;883053.2093333333;2649159.628;1;536028.2451666667;1608084.7355;0.03;2649159.628;OTROS;MTEK
70302518;8;16;140039.86315000002;1400398.6315000001;3;64316.50594;643165.0594;0.069;1120318.9052000002;MANGANESO;TRONEX
70353392;12;32;487901.6916;12197542.290000001;3;244195.19410800003;6104879.852700001;0.05;5854820.2992;MANGANESO;TRONEX
70383482;2;72;135801.4026;271602.8052;2;64222.6893;128445.3786;0.04;271602.8052;MANGANESO;TRONEX
70420283;7;60;215726.2857142857;1510084.0;2;122863.68044285713;860045.7631;0.0;1510084.0;ALKALINAS;TRONEX
70422021;20;9;150925.39272727273;4980537.96;6;66766.44390606061;2203292.6489;0.043939393939393945;3018507.8545454545;MANGANESO;TRONEX
70431284;9;3;790792.2414285714;16606637.07;3;374413.6110095238;7862685.8312;0.05;7117130.172857143;MANGANESO;TRONEX
70471756;24;9;282483.5294963303;30790704.7151;21;184647.22360733943;20126547.3732;0.02642201834862385;6779604.707911927;OTROS;TRONEX
70541482;23;4;151753.02731460673;13506019.431;20;84927.83901348314;7558577.6722;0.03157303370786517;3490319.628235955;MANGANESO;TRONEX
70577562;18;4;172996.82843137256;8822838.25;19;108460.51496470589;5531486.2632;0.0;3113942.911764706;OTROS;TRONEX
70578793;16;4;207109.9516129032;12840817.0;21;120078.91772741935;7444892.8991;0.0;3313759.2258064514;MANGANESO;TRONEX
70631619;12;12;117691.84863157893;2236145.124;4;64898.288578947366;1233067.483;0.003157894736842105;1412302.183578947;MANGANESO;TRONEX
70631897;13;16;145558.44113333334;4366753.234;8;99029.80976000002;2970894.2928000004;0.041;1892259.7347333333;ALKALINAS;TRONEX
70691002;19;4;233416.17120603015;46449818.07;29;135386.07558944725;26941829.0423;0.0;4434907.252914573;OTROS;TRONEX
70692729;23;12;322296.04297297297;23849907.18;12;164155.5185608108;12147508.373499999;0.08783783783783784;7412808.988378379;MANGANESO;TRONEX
70694311;16;12;170159.38215555556;7657172.197;5;88486.89256444444;3981910.1654;0.05;2722550.114488889;MANGANESO;TRONEX
70695510;21;5;123296.774247191;10973412.908;16;64313.71333033708;5723920.4864;0.0016853932584269663;2589232.259191011;MANGANESO;TRONEX
70697229;4;18;136247.032;817482.192;2;58601.6919;351610.1514;0.013333333333333334;544988.128;MANGANESO;TRONEX
70697913;20;46;340829.26600194175;35105414.3982;23;187578.40602038836;19320575.820100002;0.033009708737864074;6816585.320038835;MANGANESO;TRONEX
70698315;15;12;132304.65666666665;4762967.64;7;63320.49494166667;2279537.8179;0.043055555555555555;1984569.8499999996;MANGANESO;TRONEX
70698541;74;3;224841.12367521366;78919234.41;28;140169.18788262107;49199384.9468;0.0;16638243.151965812;MANGANESO;TRONEX
70698795;35;31;560983.8394955882;38146901.0857;16;352310.4784544117;23957112.5349;0.12794117647058822;19634434.382345587;ALKALINAS;TRONEX
70721921;16;17;162749.99104;4068749.776;6;77059.27466;1926481.8665;0.09;2603999.85664;MANGANESO;TRONEX
70751481;6;17;270039.0762;1620234.4572;2;157407.24476666667;944443.4686;0.015;1620234.4572;MANGANESO;TRONEX
70783523;15;19;122066.28245945947;4516452.451;9;70776.8401027027;2618743.0838;0.0445945945945946;1830994.236891892;ALKALINAS;TRONEX
70785467;13;68;155205.58588235293;2638494.96;2;68992.11587647058;1172865.9699;0.08823529411764706;2017672.6164705881;MANGANESO;TRONEX
70786982;35;22;165323.03786486486;12233904.802;11;79027.36871351351;5848025.2848;0.12972972972972974;5786306.32527027;MANGANESO;TRONEX
70830255;16;16;167620.294;4693368.232;6;85153.22301428572;2384290.2444;0.0010714285714285715;2681924.704;MANGANESO;TRONEX
70830747;15;51;129396.35487179487;5046457.84;21;75297.8897025641;2936617.6984;0.003846153846153847;1940945.3230769231;MANGANESO;TRONEX
70878293;19;23;246560.23024081634;12081451.2818;19;123424.11114285715;6047781.446;0.11795918367346939;4684644.374575511;MANGANESO;TRONEX
70901313;18;10;126322.95417142856;4421303.396;2;70264.49219428572;2459257.2268000003;0.0034285714285714284;2273813.175085714;MANGANESO;TRONEX
70901657;28;14;299676.8353571429;16781902.78;7;164566.21231607144;9215707.889700001;0.0;8390951.39;MANGANESO;TRONEX
70904713;11;26;211411.56928;5285289.232;5;110867.51337200002;2771687.8343;0.0024;2325527.26208;MANGANESO;TRONEX
70906082;14;19;133702.63923076924;3476268.62;3;65759.74871923077;1709753.4667;0.023076923076923075;1871836.9492307694;MANGANESO;TRONEX
70906589;29;4;179763.44855172414;10426280.016;6;99726.48051724138;5784135.87;0.0010344827586206897;5213140.008;MANGANESO;TRONEX
70907361;11;12;183624.9785714286;3856124.5500000003;6;102764.30164761905;2158050.3346;0.016190476190476193;2019874.7642857146;MANGANESO;TRONEX
70926605;13;80;148779.6413125;4760948.522;12;86763.92412187501;2776445.5719000003;0.005625;1934135.3370625;BOMBILLAS;SB
70926877;3;32;167193.376;835966.88;3;107299.14914000002;536495.7457000001;0.0;501580.12799999997;ALKALINAS;TRONEX
70951988;37;1;211012.67793461538;32917977.757799998;29;109847.70418653845;17136241.853099998;0.1116025641025641;7807469.083580769;MANGANESO;TRONEX
70952017;12;71;126159.75795714287;2649354.9171;8;75209.83742857144;1579406.5860000001;0.024285714285714285;1513917.0954857143;MANGANESO;TRONEX
70954039;26;1;165167.3586470588;8423535.291;12;84334.42603921569;4301055.728;0.11666666666666667;4294351.3248235285;MANGANESO;TRONEX
71005037;22;32;243379.36371951218;19957107.825;15;126202.67935975609;10348619.7075;0.03304878048780488;5354346.001829268;MANGANESO;TRONEX
71053418;24;57;223263.8428121951;18307635.1106;11;120493.02417317074;9880427.9822;0.06439024390243901;5358332.227492683;MANGANESO;TRONEX
71080196;32;19;596266.9330377359;94806442.353;23;407838.3238201258;64846293.4874;0.02849056603773585;19080541.857207548;OTROS;TRONEX
71080395;68;16;133346.4566165803;51471732.254;29;79970.17820129533;30868488.7857;0.04909326424870466;9067559.049927462;MANGANESO;TRONEX
71083408;17;65;298186.4631612903;9243780.358;8;197566.6682419355;6124566.7155;0.043548387096774194;5069169.873741935;ALKALINAS;TRONEX
71140229;16;5;368005.11233333335;8832122.696;6;196478.755125;4715490.123;0.05625;5888081.797333334;MANGANESO;TRONEX
71182740;8;4;190865.58000000002;1908655.8;6;96082.8844;960828.8439999999;0.04;1526924.6400000001;BOMBILLAS;SB
71240558;65;3;200726.3985339674;73867314.6605;26;96373.61277228262;35465489.5002;0.15;13047215.904707883;MANGANESO;TRONEX
71242599;32;11;190673.94518471338;29935809.394;12;94778.55510063694;14880233.150799999;0.14968152866242038;6101566.245910828;MANGANESO;TRONEX
71293931;12;31;310537.27350625;4968596.3761;7;159920.480475;2558727.6876;0.033125;3726447.282075;ENCENDEDORES;SL
71369819;37;16;177201.41767245508;29592636.7513;41;117129.56062514971;19560636.6244;0.027724550898203592;6556452.453880838;OTROS;TRONEX
71636063;13;18;217282.93470588236;11081429.67;20;142473.8265156863;7266165.1523;0.0;2824678.151176471;OTROS;TRONEX
71692674;19;59;201711.14586019417;20776248.0236;24;114985.74039029126;11843531.2602;0.05446601941747573;3832511.7713436894;OTROS;TRONEX
71780922;5;2;175735.27333333335;1054411.6400000001;2;96613.71298333333;579682.2779;0.005;878676.3666666667;ENCENDEDORES;CP
71987585;25;18;227627.59686507934;14340538.6025;11;95772.59639365079;6033673.5728;0.1476190476190476;5690689.921626983;MANGANESO;TRONEX
71992360;39;12;122488.40877329193;19720633.8125;45;65391.89766024845;10528095.5233;0.11204968944099378;4777047.942158385;ENCENDEDORES;TRONEX
71992751;14;9;120215.15516129033;3726669.81;10;58646.847638709674;1818052.2767999999;0.05483870967741936;1683012.1722580646;MANGANESO;TRONEX
71993199;23;9;224729.43425999998;11236471.713;10;103573.676676;5178683.8338;0.05800000000000001;5168776.98798;MANGANESO;TRONEX
71993239;8;58;148345.017;1780140.204;3;76562.99483333333;918755.938;0.01;1186760.136;MANGANESO;TRONEX
73142846;32;3;194098.5138983051;22903624.64;19;116046.22980847457;13693455.1174;0.0002542372881355932;6211152.444745763;MANGANESO;TRONEX
75047683;19;1;162704.79419259258;4393029.4432;10;94994.95869259258;2564863.8847;0.0044444444444444444;3091391.089659259;OTROS;MTEK
78292301;18;75;118005.90434;5310265.6953;30;62841.69951777778;2827876.4783;0.008;2124106.27812;OTROS;TRONEX
80069229;7;65;242392.31014545457;2666315.4116;6;132315.57184545457;1455471.2903000002;0.017272727272727273;1696746.171018182;ENCENDEDORES;CP
85082195;19;26;227547.49515384616;11832469.748;14;146160.839975;7600363.6787;0.004615384615384615;4323402.407923077;ALKALINAS;TRONEX
91446896;8;71;153346.6545;1226773.236;1;90247.8729875;721982.9839;0.00625;1226773.236;MANGANESO;TRONEX
92519934;8;74;195179.59444444446;3513232.7;9;106068.23549444444;1909228.2389;0.03888888888888889;1561436.7555555557;MANGANESO;TRONEX
94351311;19;25;1121913.677090909;74046302.688;15;602928.4618727273;39793278.4836;0.03333333333333333;21316359.864727274;MANGANESO;TRONEX
94497147;17;25;159131.95659090907;7001806.09;11;82308.0747659091;3621555.2897;0.0;2705243.2620454542;BOMBILLAS;SB
98344466;7;60;173221.61188;1732216.1188;4;93107.78757;931077.8757;0.037;1212551.28316;ENCENDEDORES;CP
98458436;16;18;156134.67998000002;4684040.3994;13;104094.23619666668;3122827.0859000003;0.009000000000000001;2498154.8796800002;ALKALINAS;TRONEX
98475267;39;3;209895.9319646098;115652658.5125;41;115144.65841887478;63444706.7888;0.07533575317604356;8185941.346619782;ENCENDEDORES;TRONEX
98480142;14;51;118697.54944444445;2136555.89;10;61765.63721666668;1111781.4699000001;0.0;1661765.6922222222;MANGANESO;TRONEX
98501374;13;16;138914.44485128205;5417663.3492;12;77678.37287692308;3029456.5422;0.007692307692307692;1805887.7830666667;MANGANESO;TRONEX
98506347;31;3;204190.37957264957;23890274.41;16;106960.22911623932;12514346.8066;0.00829059829059829;6329901.766752137;BOMBILLAS;TRONEX
98512048;5;11;137454.53706666667;824727.2224;3;66315.27385;397891.6431;0.013333333333333334;687272.6853333333;MANGANESO;TRONEX
98516838;21;17;216265.2460131579;8218079.3485;10;114536.10105526315;4352371.8401;0.01131578947368421;4541570.166276316;ENCENDEDORES;SL
98523525;11;44;126462.16076923077;3288016.18;7;67700.96522692309;1760225.0959;0.0023076923076923075;1391083.7684615385;MANGANESO;TRONEX
98541370;11;4;261522.12184615387;3399787.5840000003;2;147487.8924769231;1917342.6022;0.01;2876743.3403076925;MANGANESO;TRONEX
98601170;36;15;127240.03558730158;8016122.242;6;78919.02143333333;4971898.3503;0.0015873015873015873;4580641.281142857;MANGANESO;TRONEX
98611369;31;19;127979.82443206107;16765357.0006;29;76751.56475725191;10054454.9832;0.057862595419847326;3967374.557393893;OTROS;TRONEX
98621525;9;17;164616.87;5596973.58;11;104948.72201176471;3568256.5484;0.0;1481551.83;OTROS;TRONEX
98648496;27;11;397525.0557942857;41740130.8584;5;189841.55344000002;19933363.1112;0.15;10733176.506445715;MANGANESO;TRONEX
98653342;34;3;196016.1694032258;30382506.2575;32;115409.3695167742;17888452.2751;0.07154838709677419;6664549.759709677;OTROS;TRONEX
98655489;26;18;171785.28302325582;14773534.34;11;101490.72122093024;8728202.025;0.0;4466417.358604651;MANGANESO;TRONEX
98656983;19;16;161540.96370344827;23423439.737;33;97176.65048413794;14090614.3202;0.054689655172413795;3069278.310365517;OTROS;TRONEX
98666035;21;1;211587.7054054054;7828745.1;6;102689.29133783783;3799503.7794999997;0.14594594594594593;4443341.813513514;MANGANESO;TRONEX
98703778;13;79;193614.39643999998;3872287.9288;5;101019.460435;2020389.2087;0.0095;2516987.15372;MANGANESO;TRONEX
700310220;7;10;194647.05299999999;2335764.636;2;119253.35230833333;1431040.2277;0.004166666666666667;1362529.3709999998;MANGANESO;TRONEX
700360487;19;66;123406.26242682926;5059656.7595;10;57889.61869512195;2373474.3665;0.05365853658536586;2344718.986109756;MANGANESO;TRONEX
700440199;15;12;122589.23441860465;5271337.08;13;63814.197253488375;2744010.4819;0.0;1838838.5162790697;BOMBILLAS;SB
800236418;37;16;154937.4529740566;32846740.0305;24;94552.31355707548;20045090.4741;0.04905660377358491;5732685.760040094;OTROS;TRONEX
810005278;12;22;164833.97315789474;3131845.49;9;76655.31873157895;1456451.0559;0.0;1978007.6778947369;OTROS;GP
811006470;2;82;236932.765;473865.53;2;152864.7678;305729.5356;0.0;473865.53;OTROS;MTEK
811015028;68;11;170974.82784389143;75570873.907;28;92618.7985443439;40937508.9566;0.07816742081447965;11626288.293384617;MANGANESO;TRONEX
811037574;6;15;845238.032;5071428.192;1;524468.7739;3146812.6434000004;0.04666666666666667;5071428.192;ALKALINAS;TRONEX
890907245;31;3;233406.86864285712;75157011.703;26;130653.47773136647;42070419.829500005;0.07127329192546585;7235612.927928571;ENCENDEDORES;TRONEX
900026490;17;1;245056.5630726257;43865124.79;22;149420.0769039106;26746193.7658;0.0;4165961.5722346366;BOMBILLAS;TRONEX
900067925;6;52;158644.504;951867.024;2;101844.04418333333;611064.2651;0.015;951867.024;MANGANESO;ROCKET
900142782;24;15;221498.16736363637;7309439.523;3;138188.44493636364;4560218.6829;0.015151515151515152;5315956.016727272;ALKALINAS;TRONEX
900157201;11;73;213865.89904166665;5132781.577;3;137618.65689583335;3302847.7655;0.012916666666666667;2352524.889458333;ALKALINAS;TRONEX
900157318;38;9;179905.1701039634;59008895.7941;27;108312.34940792684;35526450.6058;0.013018292682926829;6836396.46395061;ENCENDEDORES;TRONEX
900233504;37;11;166677.36765690375;39835890.87;20;89070.20971422594;21287780.1217;0.07552301255230126;6167062.6033054385;MANGANESO;TRONEX
900300651;14;15;629280.4425;10068487.08;2;378156.8900625;6050510.241;0.046875;8809926.195;ALKALINAS;TRONEX
900308111;20;59;226075.94776530613;11077721.4405;11;111941.50346326531;5485133.6697;0.02020408163265306;4521518.955306123;BOMBILLAS;SB
900369398;16;10;227206.31741999998;5680157.9355;7;111637.71187999999;2790942.797;0.12359999999999999;3635301.0787199996;MANGANESO;TRONEX
900383144;35;12;1220620.036090909;107414563.176;3;618043.0250647728;54387786.2057;0.04965909090909091;42721701.26318181;MANGANESO;TRONEX
900387488;29;12;451591.8375;28901877.6;5;249731.50225625;15982816.1444;0.0;13096163.287500001;MANGANESO;TRONEX
900390423;13;45;142409.6948918919;5269158.711;4;103929.93457297297;3845407.5792;0.00972972972972973;1851326.0335945948;ALKALINAS;TRONEX
900452125;104;9;1061850.2716746817;750728142.074;51;531725.8483584158;375930174.7894;0.14957567185289958;110432428.2541669;MANGANESO;TRONEX
900462910;19;44;241972.02210869567;22261426.034;17;128352.20328043478;11808402.7018;0.14945652173913043;4597468.420065218;MANGANESO;TRONEX
900463737;33;18;251843.58900294115;42813410.130499996;24;117686.42065470589;20006691.5113;0.14823529411764705;8310838.437097058;MANGANESO;TRONEX
900488078;12;46;152046.00336842108;2888874.0640000002;5;100298.778;1905676.7820000001;0.09736842105263159;1824552.0404210528;ALKALINAS;TRONEX
900504992;23;24;222801.18706470588;7575240.3602;5;130658.31730294118;4442382.7883;0.037941176470588235;5124427.302488236;MANGANESO;TRONEX
900523554;21;4;197510.70476190478;12443174.4;27;98947.29653492065;6233679.681700001;0.0007936507936507937;4147724.8000000003;MANGANESO;TRONEX
900538983;15;12;759858.3694285714;26595042.93;3;327352.93661142857;11457352.7814;0.15;11397875.541428572;MANGANESO;TRONEX
900595290;26;2;973279.3959179105;65209719.5265;25;538895.4865537314;36105997.5991;0.10701492537313433;25305264.293865673;ALKALINAS;TRONEX
900611815;102;11;217508.18120393975;187709560.379;28;106853.79822201622;92214827.8656;0.1489571263035921;22185834.482801855;OTROS;TRONEX
900653386;33;9;122000.71672376238;49288289.5564;30;72897.53525049504;29450604.2412;0.060816831683168315;4026023.6518841586;MANGANESO;TRONEX
900656118;13;2;188263.0238;3388734.4284;4;107207.18097777777;1929729.2576;0.045000000000000005;2447419.3094;ALKALINAS;TRONEX
900685680;21;9;342815.73775000003;8227577.706;4;191959.28706250002;4607022.8895000005;0.08875;7199130.49275;MANGANESO;TRONEX
900691670;18;68;1282145.0003225806;39746495.01;6;792837.0987258065;24577950.0605;0.1364516129032258;23078610.00580645;ALKALINAS;TRONEX
900691735;30;2;157767.82545046727;33762314.6464;33;90932.52055046728;19459559.3978;0.10182242990654206;4733034.763514018;ALKALINAS;TRONEX
900692728;32;11;118154.04287150837;21149573.674;33;67600.67877877095;12100521.5014;0.0005027932960893855;3780929.371888268;MANGANESO;TRONEX
900699244;5;17;166671.8200142857;1166702.7401;4;83098.02498571428;581686.1749;0.03;833359.1000714286;ENCENDEDORES;SL
900777373;45;2;120409.04097249999;19265446.5556;24;72719.4520225;11635112.3236;0.0409375;5418406.843762499;ALKALINAS;TRONEX
900782092;4;43;244674.0264;1223370.132;3;142750.12024000002;713750.6012;0.028000000000000004;978696.1056;MANGANESO;TRONEX
900864732;27;14;186269.3529809524;11734969.2378;10;105454.3736015873;6643625.5369;0.02;5029272.530485715;MANGANESO;TRONEX
900959358;30;18;151359.94162337662;11654715.505;25;88078.2637090909;6782026.3056;0.07142857142857142;4540798.248701299;OTROS;TRONEX
901079451;8;45;135474.51840909093;2980439.4050000003;7;88067.46371363637;1937484.2017;0.00681818181818182;1083796.1472727275;MANGANESO;TRONEX
901104538;16;2;155297.59017333333;4658927.7052;5;90782.41929333333;2723472.5788;0.028;2484761.4427733333;OTROS;MTEK
901108396;85;15;151603.2706054645;55486797.041600004;26;88731.23524836067;32475632.1009;0.005846994535519126;12886278.001464482;MANGANESO;TRONEX
901109937;15;17;186744.1664516129;5789069.16;8;82767.69236451613;2565798.4633;0.13548387096774195;2801162.4967741934;MANGANESO;TRONEX
901159536;4;79;248520.88799999998;1242604.44;2;176294.2488;881471.244;0.1;994083.5519999999;ALKALINAS;TRONEX
901160060;20;12;156911.6169;10983813.183;18;96462.74556857142;6752392.1898;0.0;3138232.338;ALKALINAS;TRONEX
901171255;34;11;148860.317140625;19054120.594;11;92210.47376640626;11802940.6421;0.098046875;5061250.78278125;MANGANESO;TRONEX
901180377;13;24;121851.30517391303;2802580.019;9;73028.90503913043;1679664.8159;0.01826086956521739;1584066.9672608695;MANGANESO;TRONEX
901185374;39;18;117133.4042260274;17101477.017;21;67437.77181575343;9845914.6851;0.14931506849315068;4568202.764815069;OTROS;TRONEX
901246216;28;11;148499.87831724138;21532482.356;23;86497.49429724138;12542136.6731;0.0020689655172413794;4157996.592882759;MANGANESO;TRONEX
901249958;33;8;184934.56621736527;30884072.5583;19;104244.85554131736;17408890.8754;0.034670658682634733;6102840.685173054;MANGANESO;TRONEX
901253182;19;3;233324.41093131868;42465042.7895;27;133673.10495934065;24328505.1026;0.08626373626373628;4433163.807695054;OTROS;TRONEX
901304593;13;46;151574.78;1970472.1400000001;2;76662.35852307692;996610.6608000001;0.0;1970472.14;ALKALINAS;GP
901308746;10;16;130396.91457894736;2477541.377;11;68578.6067;1302993.5273;0.0368421052631579;1303969.1457894736;BOMBILLAS;SB
901319018;20;18;156563.58957619048;3287835.3811;2;88669.36343333333;1862056.6321;0.002857142857142857;3131271.7915238095;ENCENDEDORES;SL
901329386;21;44;433986.2296363637;19095394.104000002;7;272542.540675;11991871.7897;0.09090909090909091;9113710.822363637;ALKALINAS;TRONEX
901346458;66;11;137891.92831494738;65498665.9496;29;88002.53989494736;41801206.4501;0.02553684210526316;9100867.268786527;BOMBILLAS;TRONEX
901347159;40;4;1030296.6273366072;115393222.2617;5;456386.5430482143;51115292.8214;0.15;41211865.093464285;MANGANESO;TRONEX
901349734;41;11;730099.3196101796;121926586.3749;11;333779.2981137725;55741142.785000004;0.14910179640718563;29934072.104017366;MANGANESO;TRONEX
901349926;45;11;836341.3178635245;204067281.5587;13;387464.03582622955;94541224.7416;0.14733606557377046;37635359.30385861;MANGANESO;TRONEX
901379714;33;18;143338.56572727274;25227587.568;17;84661.04305909091;14900343.5784;0.02204545454545455;4730172.669000001;OTROS;TRONEX
901382101;42;17;486306.5578114286;68082918.0936;6;226449.83341142858;31702976.6776;0.1457142857142857;20424875.428080004;MANGANESO;TRONEX
901395096;41;2;500958.6687971428;70134213.63159999;17;245322.30831857142;34345123.1646;0.09621428571428571;20539305.420682855;MANGANESO;TRONEX
901403686;12;75;326422.56482666667;9792676.9448;6;221188.85199666666;6635665.5599;0.01;3917070.7779200003;OTROS;TRONEX
901420259;33;12;121975.42563636364;9392107.774;8;60840.61830389611;4684727.6094;0.006623376623376623;4025189.046;MANGANESO;TRONEX
901444903;14;64;308579.7031818182;6788753.470000001;3;178495.33782272728;3926897.4321;0.04272727272727273;4320115.844545455;ALKALINAS;TRONEX
901444923;27;9;701093.2340526317;106566171.576;19;328964.9441388158;50002671.509100005;0.15;18929517.319421053;MANGANESO;TRONEX
901456027;17;22;174228.7994063291;27528150.3062;19;99835.98531962026;15774085.6805;0.06462025316455697;2961889.589907595;ENCENDEDORES;TRONEX
901461053;7;18;209243.6;2510923.2;2;151503.70728333332;1818044.4874;0.0;1464705.2;ALKALINAS;TRONEX
901473927;18;30;166565.45141772152;13158670.662;18;100911.3535607595;7971996.9313;0.09873417721518989;2998178.1255189874;OTROS;TRONEX
901497121;33;17;213702.65992066116;51716043.7008;25;131910.7883231405;31922410.7742;0.029214876033057852;7052187.777381818;OTROS;TRONEX
901538071;14;25;520355.3380625;16651370.818;7;265927.6189125;8509683.8052;0.043437500000000004;7284974.732875;MANGANESO;TRONEX
901539604;18;15;252845.43411904766;10619508.233000001;10;151188.26309761906;6349907.050100001;0.03190476190476191;4551217.814142858;ALKALINAS;TRONEX
901542824;19;5;292323.78836363635;16077808.36;11;196395.88860181818;10801773.8731;0.0;5554151.978909091;OTROS;TRONEX
901555081;62;2;154608.63873558393;84725534.0271;73;81187.3606198905;44490673.6197;0.07111313868613138;9585735.601606203;OTROS;TRONEX
901584438;35;16;161318.66057608696;51944608.7055;35;97702.8019;31460302.2118;0.04083850931677019;5646153.120163044;ENCENDEDORES;TRONEX
901595183;50;16;144153.8456995708;33587846.048;12;86254.22376824035;20097234.138;0.011974248927038626;7207692.284978541;MANGANESO;TRONEX
901636653;27;11;284348.48230434785;13080030.186;4;188813.60954782608;8685426.0392;0.044347826086956525;7677409.022217392;ALKALINAS;TRONEX
901649329;23;30;139876.41439714286;4895674.5039;8;83153.50711142857;2910372.7489;0.014;3217157.5311342855;MANGANESO;TRONEX
901650536;40;4;185180.42905;14814434.324000001;13;98052.25574125;7844180.4593;0.005375;7407217.1620000005;MANGANESO;TRONEX
901653585;12;74;477413.39705263154;9070854.544;3;259542.50267368424;4931307.5508;0.02526315789473684;5728960.764631579;MANGANESO;TRONEX
901658812;79;26;664015.3357003311;200532631.3815;30;391901.93717251654;118354385.0261;0.13099337748344372;52457211.52032616;OTROS;TRONEX
901662761;5;64;212060.18520000004;1272361.1112000002;2;126662.56203333335;759975.3722000001;0.03166666666666667;1060300.9260000002;ALKALINAS;TRONEX
901675026;18;9;129758.00230526316;4930804.0876;11;65801.3918131579;2500452.8889;0.04763157894736842;2335644.041494737;MANGANESO;TRONEX
901718787;37;9;198063.99624030228;78631406.5074;52;118501.64416700252;47045152.7343;0.04662468513853905;7328367.860891185;OTROS;TRONEX
901729567;32;18;151684.09622455089;50662488.139;33;91653.91494191617;30612407.5906;0.028592814371257488;4853891.079185628;BOMBILLAS;TRONEX
901759504;53;2;245299.97987;24529997.987;12;110098.02152200001;11009802.1522;0.10400000000000001;13000898.93311;MANGANESO;TRONEX
901782676;9;16;294116.8403255814;12647024.134;16;201937.02839302327;8683292.220900001;0.01441860465116279;2647051.5629302324;ALKALINAS;TRONEX
901808579;12;3;121198.12178;4847924.8712;19;73335.1831425;2933407.3257;0.001;1454377.46136;ALKALINAS;TRONEX
901811113;22;1;175985.7297483871;5455557.6222;9;105024.02742580645;3255744.8501999998;0.016129032258064516;3871686.054464516;ALKALINAS;TRONEX
901816917;13;3;168852.42405;6754096.962;14;94566.06972;3782642.7888;0.09575;2195081.51265;ENCENDEDORES;TRONEX
901842888;11;71;149358.8324;3733970.81;14;70896.7553;1772418.8825;0.0076;1642947.1564000002;MANGANESO;TRONEX
901849838;28;12;119976.4050643979;22915493.3673;23;69468.83364502617;13268547.2262;0.05413612565445026;3359339.341803141;ENCENDEDORES;TRONEX
901860172;9;32;855309.82533;8553098.2533;4;429957.07863999996;4299570.7864;0.101;7697788.427970001;ENCENDEDORES;CP
901868535;17;3;308957.219373913;7106016.0456;3;155038.52442173913;3565886.0617;0.020869565217391303;5252272.729356522;MANGANESO;TRONEX
901871958;6;25;140159.8824117647;2382718.001;9;67185.40615882352;1142151.9046999998;0.061764705882352944;840959.2944705882;MANGANESO;TRONEX
901893661;21;9;141276.24311685393;37720756.912200004;27;82806.85595243446;22109430.539300002;0.04887640449438203;2966801.1054539327;OTROS;TRONEX
901897490;10;16;139541.79950413224;16884557.740000002;27;81574.04284049588;9870459.1837;0.00024793388429752067;1395417.9950413224;MANGANESO;TRONEX
901905391;7;16;142063.74773333332;2557147.4592;9;81718.35154999999;1470930.3279;0.06944444444444445;994446.2341333332;MANGANESO;TRONEX
901913837;11;2;194595.3671111111;8756791.52;8;110918.13046444446;4991315.8709;0.003333333333333333;2140549.038222222;MANGANESO;TRONEX
901921203;25;17;126576.16983000001;6328808.4915000005;9;78452.879356;3922643.9678;0.027000000000000003;3164404.2457500002;ENCENDEDORES;SL
901923033;10;1;157899.70636;7894985.318;17;89072.384774;4453619.238700001;0.0;1578997.0636;MANGANESO;TRONEX
901933116;11;3;136183.33026086955;6264433.192;14;78065.51425000001;3591013.6555000003;0.04086956521739131;1498016.6328695652;BOMBILLAS;TRONEX
901948494;9;65;170719.5075388889;6145902.2714;8;101096.300175;3639466.8063;0.003333333333333333;1536475.56785;MANGANESO;TRONEX
901978884;6;32;134204.05560869566;3086693.279;7;75187.11230000001;1729303.5829;0.0060869565217391295;805224.333652174;MANGANESO;TRONEX
901994218;6;15;646749.3734833334;15521984.9636;14;428459.9739625;10283039.3751;0.11375;3880496.2409000006;MANGANESO;TRONEX
902010477;5;30;215832.4590909091;4748314.100000001;6;131361.60445;2889955.2979;0.0;1079162.2954545454;MANGANESO;TRONEX
902020443;3;19;153365.53525000002;1226924.2820000001;6;104825.26768749999;838602.1414999999;0.015;460096.60575000005;ALKALINAS;SL
902033011;4;5;199735.90999999997;2796302.7399999998;10;133611.84284285715;1870565.7998;0.0;798943.6399999999;ALKALINAS;TRONEX
1000352012;37;17;153329.31420991736;18552847.0194;33;71073.35725785124;8599876.2282;0.06016528925619835;5673184.625766942;MANGANESO;TRONEX
1000922110;5;73;143130.52666666667;858783.16;3;81361.10563333334;488166.6338;0.0;715652.6333333333;ENCENDEDORES;CP
1001144989;31;2;126834.42471551723;14712793.266999999;22;63445.71737931034;7359703.216;0.04741379310344827;3931867.1661810344;MANGANESO;TRONEX
1001577371;10;64;180716.63184;3614332.6368;7;99078.897875;1981577.9575;0.0015;1807166.3183999998;ENCENDEDORES;SL
1001660034;4;1;176781.57400000002;1060689.4440000001;2;91365.55461666668;548193.3277;0.03166666666666667;707126.2960000001;MANGANESO;TRONEX
1002085278;37;9;181641.48841525425;42867391.266;23;116350.37064322033;27458687.4718;0.03762711864406779;6720735.071364407;OTROS;TRONEX
1003124769;32;24;345051.97857746476;24498690.479;22;152576.20520140845;10832910.5693;0.11591549295774649;11041663.314478872;MANGANESO;TRONEX
1003193739;41;2;209083.71586595746;29480803.9371;15;120919.44898794327;17049642.3073;0.055035460992907806;8572432.350504257;MANGANESO;TRONEX
1004751623;16;25;714295.4807647059;24286046.346;7;388338.81368235295;13203519.6652;0.0026470588235294116;11428727.692235295;MANGANESO;TRONEX
1004993753;17;16;218996.93116666668;10511852.696;14;112779.93631875001;5413436.9433;0.00125;3722947.8298333334;MANGANESO;TRONEX
1005682820;16;46;165432.38105686277;16874102.8678;36;94989.97751078432;9688977.7061;0.005;2646918.0969098043;OTROS;TRONEX
1007271752;2;3;128823.23999999999;257646.47999999998;2;55571.755699999994;111143.51139999999;0.075;257646.47999999998;ENCENDEDORES;SL
1007291642;19;16;160438.4036111111;5775782.53;20;92732.95774444444;3338386.4788;0.0;3048329.668611111;OTROS;TRONEX
1010053304;19;31;210141.3693846154;10927351.208;23;120408.69281538461;6261252.0264;0.0005769230769230769;3992686.0183076924;OTROS;TRONEX
1013342905;5;12;135291.56194285714;1894081.8672;10;91315.81172857143;1278421.3642;0.015;676457.8097142857;OTROS;TRONEX
1017134798;12;24;211673.31363636366;4656812.9;5;119535.61834545455;2629783.6036;0.0;2540079.7636363637;MANGANESO;TRONEX
1017191809;20;24;152627.07121290325;9462878.4152;6;93318.17523064517;5785726.8643000005;0.00564516129032258;3052541.424258065;ALKALINAS;TRONEX
1020421385;12;11;201681.12;3025216.8;2;100272.65754;1504089.8631;0.0;2420173.44;MANGANESO;TRONEX
1020425557;28;12;448036.9014;24642029.577;4;207244.8697309091;11398467.8352;0.11354545454545455;12545033.2392;MANGANESO;TRONEX
1020440727;6;44;153653.41745454544;1690187.592;2;77764.25674545454;855406.8241999999;0.005454545454545454;921920.5047272727;MANGANESO;TRONEX
1020724058;3;65;153241.26942857142;1072688.886;6;81814.89037142857;572704.2326;0.1357142857142857;459723.80828571424;BOMBILLAS;SB
1023830776;33;9;211824.2969213793;30714523.053600002;13;133330.6277165517;19332941.0189;0.07137931034482758;6990201.798405517;ALKALINAS;TRONEX
1023952350;8;50;136540.27889655172;3959668.088;7;75177.23619655173;2180139.8497;0.003793103448275862;1092322.2311724138;MANGANESO;TRONEX
1025642453;6;31;715719.528;9304353.864;4;353318.28010000003;4593137.6413;0.004615384615384615;4294317.1680000005;MANGANESO;TRONEX
1028017164;48;2;306488.0616156863;78154455.712;27;149007.21418705882;37996839.6177;0.14941176470588236;14711426.957552942;MANGANESO;TRONEX
1032258178;41;17;129573.25415612904;20083854.3942;36;74302.70191032258;11516918.7961;0.08941935483870968;5312503.420401291;OTROS;TRONEX
1033656240;17;32;138875.09103225806;4305127.822;8;67026.98290645161;2077836.4701;0.05322580645161291;2360876.547548387;MANGANESO;TRONEX
1035226599;25;64;147728.75692307693;5761421.5200000005;3;76434.11904871794;2980930.6429;0.0015384615384615385;3693218.923076923;MANGANESO;TRONEX
1035233292;8;16;183560.723;4405457.352;6;107848.80457916668;2588371.3099;0.0;1468485.784;MANGANESO;TRONEX
1035304884;33;3;212854.02885074628;42783659.799;26;106422.14179452737;21390850.5007;0.08144278606965175;7024182.952074627;MANGANESO;TRONEX
1035388580;26;4;172004.91375925927;9288265.343;9;116456.29189074074;6288639.7621;0.011481481481481481;4472127.757740742;ALKALINAS;TRONEX
1035421168;40;12;331390.69395943393;35127413.5597;15;161373.50537830187;17105591.5701;0.10896226415094339;13255627.758377358;MANGANESO;TRONEX
1035833243;19;30;117849.50638571428;3299786.1788;9;55010.130978571426;1540283.6674;0.06892857142857142;2239140.6213285713;MANGANESO;TRONEX
1036220498;12;33;123078.25324137931;3569269.344;13;72300.57051724139;2096716.5450000002;0.05344827586206897;1476939.0388965518;ALKALINAS;TRONEX
1036422210;31;18;165458.67572093022;7114723.056;12;85586.20936046512;3680207.0025;0.04883720930232558;5129218.947348837;MANGANESO;TRONEX
1036622793;11;9;122977.2635;2459545.27;9;62467.86158499999;1249357.2317;0.0;1352749.8985000001;MANGANESO;TRONEX
1036629145;19;10;148086.44586666668;4442593.376;8;78253.52051;2347605.6153;0.004666666666666667;2813642.471466667;MANGANESO;TRONEX
1037498249;12;31;182529.35547272724;10039114.550999999;18;96671.34810727273;5316924.1459;0.13145454545454544;2190352.265672727;MANGANESO;TRONEX
1037572148;9;12;269836.97688888886;4857065.584;2;136194.77528333332;2451505.9551;0.006666666666666666;2428532.792;MANGANESO;TRONEX
1037641547;2;80;544851.53825;1089703.0765;1;355194.4312;710388.8624;0.05;1089703.0765;MANGANESO;TRONEX
1037750031;4;15;137515.865;1650190.38;6;66571.86616666667;798862.3940000001;0.0025;550063.46;MANGANESO;TRONEX
1038334816;51;1;327719.6913703052;279217177.0475;52;168682.01209131457;143717074.3018;0.14894366197183098;16713704.259885564;MANGANESO;TRONEX
1038359794;42;1;123200.70075322129;43982650.1689;43;66760.41994425771;23833469.9201;0.0369467787114846;5174429.431635294;OTROS;TRONEX
1038405607;13;31;232399.69275;3718395.084;4;129520.5284875;2072328.4558;0.02375;3021196.00575;MANGANESO;TRONEX
1038408340;28;10;140059.49913437502;17927615.889200002;22;80217.95921796875;10267898.7799;0.00265625;3921665.9757625004;MANGANESO;TRONEX
1038408856;4;5;308086.3598;2464690.8784;3;168318.84302499998;1346550.7441999998;0.00375;1232345.4392;MANGANESO;TRONEX
1038409477;43;33;137405.13054054053;15251969.49;8;70148.26860990991;7786457.8157;0.0;5908420.613243243;MANGANESO;TRONEX
1038626241;25;9;171717.424;7899001.504;10;75957.56465652175;3494047.9742;0.06521739130434782;4292935.6;MANGANESO;TRONEX
1038626256;21;16;159588.76669148935;7500672.0345;12;83254.57929148937;3912965.2267;0.0723404255319149;3351364.1005212762;MANGANESO;TRONEX
1038626572;46;16;158683.5685224719;14122837.5985;16;77940.81823258428;6936732.8227;0.07921348314606742;7299444.152033708;MANGANESO;TRONEX
1038626750;40;30;201750.52629850747;13517285.262;7;82454.98585820897;5524484.0525;0.13507462686567162;8070021.051940299;MANGANESO;TRONEX
1038815956;5;17;136694.40000000002;1230249.6;2;68614.07687777777;617526.6919;0.0;683472.0000000001;MANGANESO;TRONEX
1038822341;38;19;302983.3826629213;53931042.114;13;142804.93845280897;25419279.0446;0.15;11513368.54119101;MANGANESO;TRONEX
1039286900;11;17;155223.4425;2483575.08;7;76561.35633125;1224981.7013;0.05;1707457.8675000002;MANGANESO;TRONEX
1039686879;25;2;202202.17691346153;10514513.1995;25;100634.18061923076;5232977.3922;0.07788461538461539;5055054.422836538;MANGANESO;TRONEX
1039699225;23;4;190472.2416;6666528.456;5;88613.18088;3101461.3308;0.08285714285714287;4380861.5568;MANGANESO;TRONEX
1040043781;4;24;147394.90618181817;1621343.9679999999;6;81025.37917272728;891279.1709;0.01909090909090909;589579.6247272727;MANGANESO;TRONEX
1040360295;13;50;231802.974825;5563271.3958;6;133325.03134166668;3199800.7522;0.02;3013438.672725;MANGANESO;TRONEX
1040804183;38;4;165918.206824;20739775.853;17;94363.19274160001;11795399.0927;0.028480000000000002;6304891.859312;MANGANESO;TRONEX
1041087282;8;74;136174.29217391304;3132008.72;14;78567.31656086957;1807048.2809000001;0.013043478260869568;1089394.3373913043;MANGANESO;TRONEX
1041203238;4;30;133811.878;2007178.17;10;67717.89028;1015768.3542000001;0.0;535247.512;BOMBILLAS;SB
1041204775;34;13;320276.7735300971;32988507.6736;23;146546.1329038835;15094251.689100001;0.13262135922330098;10889410.3000233;MANGANESO;TRONEX
1041229288;13;1;128986.76172413792;3740616.09;7;77600.27635172414;2250408.0142;0.10517241379310344;1676827.902413793;ALKALINAS;TRONEX
1041230130;15;3;235242.17716666666;9880171.441;9;130123.34456666668;5465180.4718;0.011904761904761904;3528632.6574999997;MANGANESO;TRONEX
1041232658;24;2;131064.3070423729;7732794.1155;19;90006.83703220339;5310403.3849;0.012542372881355932;3145543.3690169496;ALKALINAS;TRONEX
1041233847;12;1;138115.83715789474;2624200.906;3;93911.34072105263;1784315.4737;0.05789473684210527;1657390.045894737;ALKALINAS;TRONEX
1041259798;2;24;130587.92;522351.68;3;67692.32657500001;270769.30630000005;0.0;261175.84;MANGANESO;TRONEX
1042463959;28;33;117482.36650916032;15390190.0127;50;59444.106003053435;7787177.8864;0.04145038167938932;3289506.262256489;ENCENDEDORES;TRONEX
1042762351;21;44;140830.81264705883;4788247.63;4;93475.52446176471;3178167.8317;0.014117647058823528;2957447.0655882354;ALKALINAS;TRONEX
1042768716;69;10;228971.1889986207;33200822.4048;39;124540.91641517241;18058432.8802;0.005586206896551724;15799012.040904827;MANGANESO;TRONEX
1045018114;12;73;130947.004;3535569.108;7;68926.13949999999;1861005.7665;0.031481481481481485;1571364.048;MANGANESO;TRONEX
1045018117;26;46;521544.36203636363;28684939.912;8;295121.66268;16231691.447400002;0.011999999999999999;13560153.412945455;MANGANESO;TRONEX
1045018336;16;15;574815.89955;20693372.3838;6;266084.6635111111;9579047.8864;0.09625;9197054.3928;MANGANESO;TRONEX
1045022201;15;51;139536.71445454544;4604711.577;15;68449.20391515152;2258823.7292;0.042272727272727274;2093050.7168181816;MANGANESO;TRONEX
1045022830;25;54;286579.9913333333;10316879.688;5;140518.89125277777;5058680.0851;0.010555555555555556;7164499.783333333;MANGANESO;TRONEX
1045047411;49;3;120625.01655782312;17731877.434;12;69245.6731462585;10179113.9525;0.003401360544217687;5910625.811333333;MANGANESO;TRONEX
1045110715;21;30;229612.57748571428;8036440.212;8;102182.69322;3576394.2627;0.09000000000000001;4821864.1272;MANGANESO;TRONEX
1045144098;20;18;155901.23058823528;5300641.84;10;71507.8123617647;2431265.6203;0.06764705882352942;3118024.6117647057;MANGANESO;TRONEX
1045489219;34;11;158894.8130420354;35910227.7475;25;79458.29574646018;17957574.8387;0.1486725663716814;5402423.643429204;OTROS;TRONEX
1046902118;27;10;144431.348622093;24842191.963;23;85079.13932325582;14633611.9636;0.06686046511627906;3899646.4127965113;BOMBILLAS;TRONEX
1046902680;37;18;193402.36655528456;23788491.0863;15;128785.06258699187;15840562.6982;0.026504065040650403;7155887.562545529;OTROS;TRONEX
1047407946;34;3;309764.29603168316;31286193.8992;17;158527.35961485148;16011263.3211;0.05584158415841585;10531986.065077227;MANGANESO;TRONEX
1047966455;15;15;126582.94181818183;5569649.44;16;63951.952952272724;2813885.9299;0.08636363636363636;1898744.1272727274;MANGANESO;TRONEX
1053789999;27;10;580114.4054769231;37707436.356;7;279421.1180969231;18162372.6763;0.14169230769230767;15663088.947876923;MANGANESO;TRONEX
1063356784;44;17;189713.9192268041;18402250.165;26;108894.58227938144;10562774.4811;0.11391752577319586;8347412.445979381;ALKALINAS;TRONEX
1065821038;10;9;117068.64351636365;6438775.3934;23;69804.96558545454;3839273.1072;0.018;1170686.4351636365;ENCENDEDORES;TRONEX
1067960293;19;10;142066.3829631579;5398522.5526;4;67507.71932894737;2565293.3345;0.014210526315789474;2699261.2763;MANGANESO;TRONEX
1072252268;24;32;158472.5734;16164202.4868;11;92739.3859990196;9459417.3719;0.018627450980392157;3803341.7616;MANGANESO;TRONEX
1076323412;28;16;689453.0909710146;47572263.277;6;335231.5020797102;23130973.643500004;0.043478260869565216;19304686.54718841;MANGANESO;TRONEX
1076325391;4;3;299280.0;2094960.0;3;160486.0423857143;1123402.2967;0.0;1197120.0;MANGANESO;TRONEX
1076328964;14;53;248889.256;18666694.2;26;139529.39486266667;10464704.6147;0.0;3484449.584;OTROS;TRONEX
1076350559;15;25;440690.1274418605;18949675.48;12;231792.9697116279;9967097.6976;0.027209302325581393;6610351.911627907;MANGANESO;TRONEX
1076737792;22;23;219914.6207307692;17153340.417;6;126406.55858076923;9859711.5693;0.08858974358974359;4838121.656076923;ALKALINAS;TRONEX
1077422169;9;1;178991.5142857143;2505881.2;2;131371.72763571428;1839204.1869;0.0;1610923.6285714288;ALKALINAS;TRONEX
1077424493;9;31;135028.52555555556;3645770.19;14;86795.53342592593;2343479.4025;0.0;1215256.73;MANGANESO;TRONEX
1077431586;16;50;344209.0325121951;28225140.666;15;174098.70785365853;14276094.044;0.09573170731707317;5507344.520195122;MANGANESO;TRONEX
1077436955;22;12;217728.93431578946;8273699.504;5;112810.54672894737;4286800.7757;0.0023684210526315787;4790036.554947368;MANGANESO;TRONEX
1078856772;10;44;121860.78379310344;3533962.73;15;70847.13392068967;2054566.8837000001;0.0010344827586206897;1218607.8379310344;MANGANESO;TRONEX
1078920005;17;46;154891.5720779221;11926651.05;20;92668.86066493507;7135502.2712;0.0;2633156.7253246754;ALKALINAS;TRONEX
1079097466;9;25;178933.51652173913;4115470.88;10;96396.45739130434;2217118.52;0.0;1610401.6486956521;MANGANESO;TRONEX
1079358123;2;31;689596.6680000001;1379193.3360000001;1;499866.76385;999733.5277;0.03;1379193.3360000001;ALKALINAS;TRONEX
1085284432;17;22;185391.45621666667;33370462.119;28;105554.23604833333;18999762.4887;0.09583333333333334;3151654.7556833336;OTROS;TRONEX
1088026868;15;25;349954.65135135135;12948322.1;7;195149.97477297296;7220549.0666;0.0;5249319.77027027;MANGANESO;TRONEX
1088274348;27;51;151444.36284;7572218.142;14;75128.59883;3756429.9415;0.0018;4088997.7966799997;MANGANESO;TRONEX
1093534366;12;19;134613.64990000002;2692272.998;5;73655.30611;1473106.1222;0.006;1615363.7988000002;MANGANESO;TRONEX
1093536440;32;3;1264027.4420666667;94802058.155;8;572185.3942093333;42913904.5657;0.06580000000000001;40448878.14613333;MANGANESO;TRONEX
1106482280;20;46;358980.1332692308;37333933.86;24;206595.3108942308;21485912.333;0.0;7179602.665384616;OTROS;TRONEX
1107523046;13;73;212159.93339999998;4243198.668;3;101931.58676;2038631.7352;0.0475;2758079.1341999997;MANGANESO;TRONEX
1116437208;20;18;212910.9934385965;12135926.626;16;91184.45085964912;5197513.699;0.13508771929824562;4258219.868771929;MANGANESO;TRONEX
1126449941;27;44;167443.55091513947;42028331.2797;29;101969.65502031874;25594383.4101;0.03258964143426295;4520975.874708765;MANGANESO;TRONEX
1126452642;24;15;118072.10125470084;13814435.8468;9;73475.96176666666;8596687.5267;0.031538461538461536;2833730.43011282;MANGANESO;TRONEX
1127074915;20;2;145697.46347833335;8741847.8087;23;85780.26054666666;5146815.6328;0.033;2913949.269566667;MANGANESO;TRONEX
1128265891;13;45;136090.6455;2721812.91;3;70387.365175;1407747.3035;0.0025;1769178.3915000001;MANGANESO;TRONEX
1128427880;15;61;230639.9196521739;5304718.152;3;118478.50146086958;2725005.5336;0.0034782608695652175;3459598.7947826087;MANGANESO;TRONEX
1128427988;19;29;182554.2317616162;18072868.9444;18;98337.89286464646;9735451.3936;0.0008080808080808081;3468530.4034707076;MANGANESO;TRONEX
1128470955;57;0;131790.54759604743;33343008.5418;28;56974.86312648221;14414640.371;0.12280632411067194;7512061.212974704;MANGANESO;TRONEX
1130645771;27;16;181344.68503636363;7979166.1416;9;91465.9273909091;4024500.8052000003;0.007045454545454546;4896306.495981818;MANGANESO;TRONEX
1130652944;14;79;135730.57292;4071917.1876;9;64685.15038;1940554.5114;0.036000000000000004;1900228.0208800002;MANGANESO;TRONEX
1130669742;17;2;128248.9158;3847467.474;3;68074.30323333334;2042229.097;0.0036666666666666666;2180231.5686;MANGANESO;TRONEX
1130804330;8;2;182892.03596;1828920.3596;6;131362.5074;1313625.074;0.009;1463136.28768;ALKALINAS;TRONEX
1133649147;12;45;127477.59266666666;5736491.67;15;86193.36310666667;3878701.3398;0.0;1529731.112;OTROS;TRONEX
1146439659;45;15;199973.65037969925;26596495.5005;15;107016.82479172932;14233237.6973;0.0036842105263157894;8998814.267086467;MANGANESO;TRONEX
1152210106;18;1;557414.4280851064;52396956.24;19;266758.84895;25075331.8013;0.09212765957446808;10033459.705531916;MANGANESO;TRONEX
1216713481;15;11;121293.81762222221;5458221.793;12;51280.13026;2307605.8617;0.11244444444444443;1819407.2643333331;MANGANESO;TRONEX
